['Pantoea_sp._PSNIH2', 'Pantoea sp. PSNIH2', 'Pantoea_sp._PSNIH2', 'Pantoea sp. PSNIH2', 'Thiorhodovibrio_sp._970', 'Thiorhodovibrio sp. 970', 'Thiorhodovibrio_sp._970', 'Thiorhodovibrio sp. 970', 'Achromobacter_sp._RTa', 'Achromobacter sp. RTa', 'Achromobacter_sp._RTa', 'Achromobacter sp. RTa', 'Paenirhodobacter_enshiensis', 'Paenirhodobacter enshiensis', 'Paenirhodobacter_enshiensis', 'Paenirhodobacter enshiensis', 'Stenotrophomonas_maltophilia_5BA-I-2', 'Stenotrophomonas maltophilia 5BA-I-2', 'Stenotrophomonas_maltophilia_5BAI2', 'Stenotrophomonas maltophilia 5BAI2', 'Bradyrhizobium_sp._S23321', 'Bradyrhizobium sp. S23321', 'Bradyrhizobium_sp._S23321', 'Bradyrhizobium sp. S23321', 'Roseovarius_sp._217', 'Roseovarius sp. 217', 'Roseovarius_sp._217', 'Roseovarius sp. 217', 'Erythrobacter_sp._NAP1', 'Erythrobacter sp. NAP1', 'Erythrobacter_sp._NAP1', 'Erythrobacter sp. NAP1', 'Sphingomonas_paucimobilis', 'Sphingomonas paucimobilis', 'Sphingomonas_paucimobilis', 'Sphingomonas paucimobilis', 'Halomonas_alkaliantarctica', 'Halomonas alkaliantarctica', 'Halomonas_alkaliantarctica', 'Halomonas alkaliantarctica', 'Sinorhizobium_americanum_CCGM7', 'Sinorhizobium americanum CCGM7', 'Sinorhizobium_americanum', 'Sinorhizobium americanum', 'Legionella_drancourtii_LLAP12', 'Legionella drancourtii LLAP12', 'Legionella_drancourtii', 'Legionella drancourtii', 'Novosphingobium_lindaniclasticum_LE124', 'Novosphingobium lindaniclasticum LE124', 'Novosphingobium_lindaniclasticum', 'Novosphingobium lindaniclasticum', 'Paracoccus_sp._PAMC_22219', 'Paracoccus sp. PAMC 22219', 'Paracoccus_sp._PAMC22219', 'Paracoccus sp. PAMC22219', 'Rhizobium_sp._YR295', 'Rhizobium sp. YR295', 'Rhizobium_sp._YR295', 'Rhizobium sp. YR295', 'Mesorhizobium_loti_R88b', 'Mesorhizobium loti R88b', 'Mesorhizobium_loti_R88b', 'Mesorhizobium loti R88b', 'Arsenophonus_endosymbiont_str._Hangzhou_of_Nilaparvata_lugens', 'Arsenophonus endosymbiont str. Hangzhou of Nilaparvata lugens', 'Arsenophonus_endosymbiont', 'Arsenophonus endosymbiont', 'Acinetobacter_baumannii', 'Acinetobacter baumannii', 'Acinetobacter_baumannii', 'Acinetobacter baumannii', 'Rhizobium_selenitireducens_ATCC_BAA-1503', 'Rhizobium selenitireducens ATCC BAA-1503', 'Rhizobium_selenitireducens', 'Rhizobium selenitireducens', 'Enhygromyxa_salina', 'Enhygromyxa salina', 'Enhygromyxa_salina', 'Enhygromyxa salina', 'Rhodanobacter_fulvus_Jip2', 'Rhodanobacter fulvus Jip2', 'Rhodanobacter_fulvus', 'Rhodanobacter fulvus', 'Sphingobium_sp._AP49', 'Sphingobium sp. AP49', 'Sphingobium_sp._AP49', 'Sphingobium sp. AP49', 'Sphingobium_japonicum_UT26S', 'Sphingobium japonicum UT26S', 'Sphingobium_japonicum_UT26S', 'Sphingobium japonicum UT26S', 'Sinorhizobium_fredii_HH103', 'Sinorhizobium fredii HH103', 'Sinorhizobium_fredii_HH103', 'Sinorhizobium fredii HH103', 'Rhodopseudomonas_palustris_DX-1', 'Rhodopseudomonas palustris DX-1', 'Rhodopseudomonas_palustris_DX1', 'Rhodopseudomonas palustris DX1', 'Pantoea_sp._PSNIH2', 'Pantoea sp. PSNIH2', 'Pantoea_sp._PSNIH2', 'Pantoea sp. PSNIH2', 'Sphingomonas_sp._35-24ZXX', 'Sphingomonas sp. 35-24ZXX', 'Sphingomonas_sp._3524ZXX', 'Sphingomonas sp. 3524ZXX', 'Thiocapsa_marina_5811', 'Thiocapsa marina 5811', 'Thiocapsa_marina', 'Thiocapsa marina', 'Cobetia_marina', 'Cobetia marina', 'Cobetia_marina', 'Cobetia marina', 'Afipia_sp._1NLS2', 'Afipia sp. 1NLS2', 'Afipia_sp._1NLS2', 'Afipia sp. 1NLS2', 'Novosphingobium_resinovorum', 'Novosphingobium resinovorum', 'Novosphingobium_resinovorum', 'Novosphingobium resinovorum', 'Photobacterium_leiognathi_subsp._mandapamensis_svers.1.1.', 'Photobacterium leiognathi subsp. mandapamensis svers.1.1.', 'Photobacterium_leiognathi_mandapamensis', 'Photobacterium leiognathi mandapamensis', 'Francisella_cf._tularensis_subsp._novicida_3523', 'Francisella cf. tularensis subsp. novicida 3523', 'Francisella_tularensis_novicida', 'Francisella tularensis novicida', 'Francisella_sp._FSC1006', 'Francisella sp. FSC1006', 'Francisella_sp._FSC1006', 'Francisella sp. FSC1006', 'Citromicrobium_bathyomarinum_JL354', 'Citromicrobium bathyomarinum JL354', 'Citromicrobium_bathyomarinum', 'Citromicrobium bathyomarinum', 'Hoeflea_phototrophica_DFL-43', 'Hoeflea phototrophica DFL-43', 'Hoeflea_phototrophica', 'Hoeflea phototrophica', 'Sphingobium_baderi_LL03', 'Sphingobium baderi LL03', 'Sphingobium_baderi', 'Sphingobium baderi', 'Bradyrhizobium_oligotrophicum_S58', 'Bradyrhizobium oligotrophicum S58', 'Bradyrhizobium_oligotrophicum', 'Bradyrhizobium oligotrophicum', 'Burkholderia_vietnamiensis_G4', 'Burkholderia vietnamiensis G4', 'Burkholderia_vietnamiensis', 'Burkholderia vietnamiensis', 'Raoultella_ornithinolytica_B6', 'Raoultella ornithinolytica B6', 'Raoultella_ornithinolytica', 'Raoultella ornithinolytica', 'Sphingopyxis_sp._MC1', 'Sphingopyxis sp. MC1', 'Sphingopyxis_sp._MC1', 'Sphingopyxis sp. MC1', 'Vibrio_sp._ER1A', 'Vibrio sp. ER1A', 'Vibrio_sp._ER1A', 'Vibrio sp. ER1A', 'Labrenzia_aggregata_IAM_12614', 'Labrenzia aggregata IAM 12614', 'Labrenzia_aggregata', 'Labrenzia aggregata', 'Citromicrobium_bathyomarinum_JL354', 'Citromicrobium bathyomarinum JL354', 'Citromicrobium_bathyomarinum', 'Citromicrobium bathyomarinum', 'Bosea_sp._LC85', 'Bosea sp. LC85', 'Bosea_sp._LC85', 'Bosea sp. LC85', 'Sphingomonas_melonis_DAPP-PG_224', 'Sphingomonas melonis DAPP-PG 224', 'Sphingomonas_melonis', 'Sphingomonas melonis', 'Halomonas_sp._23_GOM-1509m', 'Halomonas sp. 23_GOM-1509m', 'Halomonas_sp._23GOM1509m', 'Halomonas sp. 23GOM1509m', 'Xanthomonas_campestris_pv._vesicatoria_str._85-10', 'Xanthomonas campestris pv. vesicatoria str. 85-10', 'Xanthomonas_campestris_vesicatoria', 'Xanthomonas campestris vesicatoria', 'Sphingomonas_sp._PAMC_26605', 'Sphingomonas sp. PAMC 26605', 'Sphingomonas_sp._PAMC26605', 'Sphingomonas sp. PAMC26605', 'Francisella_tularensis_subsp._holarctica_LVS', 'Francisella tularensis subsp. holarctica LVS', 'Francisella_tularensis_holarctica', 'Francisella tularensis holarctica', 'Erythrobacter_longus', 'Erythrobacter longus', 'Erythrobacter_longus', 'Erythrobacter longus', 'Azorhizobium_doebereinerae_UFLA1-100', 'Azorhizobium doebereinerae UFLA1-100', 'Azorhizobium_doebereinerae', 'Azorhizobium doebereinerae', 'Azorhizobium_caulinodans_ORS_571', 'Azorhizobium caulinodans ORS 571', 'Azorhizobium_caulinodans', 'Azorhizobium caulinodans', 'Massilia_sp._9096', 'Massilia sp. 9096', 'Massilia_sp._9096', 'Massilia sp. 9096', 'Pseudomonas_stutzeri_NF13', 'Pseudomonas stutzeri NF13', 'Pseudomonas_stutzeri_NF13', 'Pseudomonas stutzeri NF13', 'Erythrobacter_sp._JL475', 'Erythrobacter sp. JL475', 'Erythrobacter_sp._JL475', 'Erythrobacter sp. JL475', 'Sphingobium_sp._ba1', 'Sphingobium sp. ba1', 'Sphingobium_sp._ba1', 'Sphingobium sp. ba1', 'Blastomonas_sp._AAP53', 'Blastomonas sp. AAP53', 'Blastomonas_sp._AAP53', 'Blastomonas sp. AAP53', 'Nitrobacter_hamburgensis_X14', 'Nitrobacter hamburgensis X14', 'Nitrobacter_hamburgensis', 'Nitrobacter hamburgensis', 'Myxococcus_xanthus_DK_1622', 'Myxococcus xanthus DK 1622', 'Myxococcus_xanthus', 'Myxococcus xanthus', 'Herbaspirillum_sp._CF444', 'Herbaspirillum sp. CF444', 'Herbaspirillum_sp._CF444', 'Herbaspirillum sp. CF444', 'Rhodopseudomonas_palustris_BisA53', 'Rhodopseudomonas palustris BisA53', 'Rhodopseudomonas_palustris_BisA53', 'Rhodopseudomonas palustris BisA53', 'Methyloglobulus_morosus_KoM1', 'Methyloglobulus morosus KoM1', 'Methyloglobulus_morosus', 'Methyloglobulus morosus', 'Vibrio_jasicida_MWB_21', 'Vibrio jasicida MWB 21', 'Vibrio_jasicida', 'Vibrio jasicida', 'Xanthomonas_oryzae_pv._oryzicola_BLS256', 'Xanthomonas oryzae pv. oryzicola BLS256', 'Xanthomonas_oryzae_oryzicola', 'Xanthomonas oryzae oryzicola', 'Xanthomonas_translucens_DAR61454', 'Xanthomonas translucens DAR61454', 'Xanthomonas_translucens', 'Xanthomonas translucens', 'Nitrosomonas_eutropha_C91', 'Nitrosomonas eutropha C91', 'Nitrosomonas_eutropha', 'Nitrosomonas eutropha', 'Rahnella_sp._Y9602', 'Rahnella sp. Y9602', 'Rahnella_sp._Y9602', 'Rahnella sp. Y9602', 'Sphingomonas_sp._35-24ZXX', 'Sphingomonas sp. 35-24ZXX', 'Sphingomonas_sp._3524ZXX', 'Sphingomonas sp. 3524ZXX', 'Bosea_sp._117', 'Bosea sp. 117', 'Bosea_sp._117', 'Bosea sp. 117', 'Caulobacter_sp._K31', 'Caulobacter sp. K31', 'Caulobacter_sp._K31', 'Caulobacter sp. K31', 'Janthinobacterium_lividum', 'Janthinobacterium lividum', 'Janthinobacterium_lividum', 'Janthinobacterium lividum', 'Pseudomonas_mosselii_SJ10', 'Pseudomonas mosselii SJ10', 'Pseudomonas_mosselii', 'Pseudomonas mosselii', 'Caulobacter_sp._UNC358MFTsu5.1', 'Caulobacter sp. UNC358MFTsu5.1', 'Caulobacter_sp._UNC358MFTsu51', 'Caulobacter sp. UNC358MFTsu51', 'Bradyrhizobium_sp._DFCI-1', 'Bradyrhizobium sp. DFCI-1', 'Bradyrhizobium_sp._DFCI1', 'Bradyrhizobium sp. DFCI1', 'Rhodoferax_saidenbachensis_ED16', 'Rhodoferax saidenbachensis ED16', 'Rhodoferax_saidenbachensis', 'Rhodoferax saidenbachensis', 'Pantoea_ananatis_LMG_20103', 'Pantoea ananatis LMG 20103', 'Pantoea_ananatis_LMG20103', 'Pantoea ananatis LMG20103', 'Sphingomonas_sp._UNC305MFCol5.2', 'Sphingomonas sp. UNC305MFCol5.2', 'Sphingomonas_sp._UNC305MFCol52', 'Sphingomonas sp. UNC305MFCol52', 'Francisella_tularensis_subsp._tularensis_SCHU_S4', 'Francisella tularensis subsp. tularensis SCHU S4', 'Francisella_tularensis_SCHUS4', 'Francisella tularensis SCHUS4', 'Rhizobium_etli_CFN_42', 'Rhizobium etli CFN 42', 'Rhizobium_etli_CFN42', 'Rhizobium etli CFN42', 'Stigmatella_aurantiaca_DW4/3-1', 'Stigmatella aurantiaca DW4/3-1', 'Stigmatella_aurantiaca', 'Stigmatella aurantiaca', 'Moraxella_catarrhalis_O35E', 'Moraxella catarrhalis O35E', 'Moraxella_catarrhalis', 'Moraxella catarrhalis', 'Pseudomonas_luteola_XLDN4-9', 'Pseudomonas luteola XLDN4-9', 'Pseudomonas_luteola', 'Pseudomonas luteola', 'Acetobacteraceae_bacterium_AT-5844', 'Acetobacteraceae bacterium AT-5844', 'Acetobacteraceae_bacterium_AT5844', 'Acetobacteraceae bacterium AT5844', 'Sphingobium_lactosutens_DS20', 'Sphingobium lactosutens DS20', 'Sphingobium_lactosutens', 'Sphingobium lactosutens', 'Sinorhizobium_medicae_WSM419', 'Sinorhizobium medicae WSM419', 'Sinorhizobium_medicae', 'Sinorhizobium medicae', 'Sphingobium_sp._C100', 'Sphingobium sp. C100', 'Sphingobium_sp._C100', 'Sphingobium sp. C100', 'Rhizobium_grahamii_CCGE_502', 'Rhizobium grahamii CCGE 502', 'Rhizobium_grahamii', 'Rhizobium grahamii', 'Klebsiella_pneumoniae', 'Klebsiella pneumoniae', 'Klebsiella_pneumoniae', 'Klebsiella pneumoniae', 'Rhizobium_mongolense_USDA_1844', 'Rhizobium mongolense USDA 1844', 'Rhizobium_mongolense', 'Rhizobium mongolense', 'Rhizobium_sp._CF122', 'Rhizobium sp. CF122', 'Rhizobium_sp._CF122', 'Rhizobium sp. CF122', 'Rhizobium_tropici_CIAT_899', 'Rhizobium tropici CIAT 899', 'Rhizobium_tropici', 'Rhizobium tropici', 'Sphingobium_sp._SYK-6', 'Sphingobium sp. SYK-6', 'Sphingobium_sp._SYK6', 'Sphingobium sp. SYK6', 'Halomonas_sp._TD01', 'Halomonas sp. TD01', 'Halomonas_sp._TD01', 'Halomonas sp. TD01', 'Methylosinus_sp._LW3', 'Methylosinus sp. LW3', 'Methylosinus_sp._LW3', 'Methylosinus sp. LW3', 'Sphingomonas_phyllosphaerae_FA2', 'Sphingomonas phyllosphaerae FA2', 'Sphingomonas_phyllosphaerae_FA2', 'Sphingomonas phyllosphaerae FA2', 'Rhizobium_alamii', 'Rhizobium alamii', 'Rhizobium_alamii', 'Rhizobium alamii', 'Cellvibrio_japonicus_Ueda107', 'Cellvibrio japonicus Ueda107', 'Cellvibrio_japonicus', 'Cellvibrio japonicus', 'Pseudomonas_sp._M47T1', 'Pseudomonas sp. M47T1', 'Pseudomonas_sp._M47T1', 'Pseudomonas sp. M47T1', 'Sphingobium_lactosutens_DS20', 'Sphingobium lactosutens DS20', 'Sphingobium_lactosutens', 'Sphingobium lactosutens', 'Pseudoxanthomonas_suwonensis_11-1', 'Pseudoxanthomonas suwonensis 11-1', 'Pseudoxanthomonas_suwonensis_111', 'Pseudoxanthomonas suwonensis 111', 'Xanthomonas_axonopodis_pv._vasculorum', 'Xanthomonas axonopodis pv. vasculorum', 'Xanthomonas_axonopodis_vasculorum', 'Xanthomonas axonopodis vasculorum', 'Asaia_platycodi_SF2.1', 'Asaia platycodi SF2.1', 'Asaia_platycodi_SF21', 'Asaia platycodi SF21', 'Sphingomonas_sp._MM-1', 'Sphingomonas sp. MM-1', 'Sphingomonas_sp._MM1', 'Sphingomonas sp. MM1', 'Asticcacaulis_sp._AC402', 'Asticcacaulis sp. AC402', 'Asticcacaulis_sp._AC402', 'Asticcacaulis sp. AC402', 'Bradyrhizobium_sp._DOA9', 'Bradyrhizobium sp. DOA9', 'Bradyrhizobium_sp._DOA9', 'Bradyrhizobium sp. DOA9', 'Rhizobium_gallicum_bv._gallicum_R602sp', 'Rhizobium gallicum bv. gallicum R602sp', 'Rhizobium_gallicum', 'Rhizobium gallicum', 'Acinetobacter_sp._ANC_4105', 'Acinetobacter sp. ANC 4105', 'Acinetobacter_sp._ANC4105', 'Acinetobacter sp. ANC4105', 'Francisella_sp._FSC1006', 'Francisella sp. FSC1006', 'Francisella_sp._FSC1006', 'Francisella sp. FSC1006', 'Rhizobium_sp._OK494', 'Rhizobium sp. OK494', 'Rhizobium_sp._OK494', 'Rhizobium sp. OK494', 'Vibrio_alginolyticus_40B', 'Vibrio alginolyticus 40B', 'Vibrio_alginolyticus_40B', 'Vibrio alginolyticus 40B', 'Halomonas_sp._TD01', 'Halomonas sp. TD01', 'Halomonas_sp._TD01', 'Halomonas sp. TD01', 'Labrenzia_aggregata_IAM_12614', 'Labrenzia aggregata IAM 12614', 'Labrenzia_aggregata', 'Labrenzia aggregata', 'Bradyrhizobium_sp._ORS_278', 'Bradyrhizobium sp. ORS 278', 'Bradyrhizobium_sp._ORS278', 'Bradyrhizobium sp. ORS278', 'Xanthomonas_campestris_pv._campestris', 'Xanthomonas campestris pv. campestris', 'Xanthomonas_campestris_campestris', 'Xanthomonas campestris campestris', 'Vibrio_jasicida_MWB_21', 'Vibrio jasicida MWB 21', 'Vibrio_jasicida', 'Vibrio jasicida', 'Falsirhodobacter_sp._alg1', 'Falsirhodobacter sp. alg1', 'Falsirhodobacter_sp._alg1', 'Falsirhodobacter sp. alg1', 'Pseudomonas_stutzeri_A1501', 'Pseudomonas stutzeri A1501', 'Pseudomonas_stutzeri_A1501', 'Pseudomonas stutzeri A1501', 'Ruegeria_conchae', 'Ruegeria conchae', 'Ruegeria_conchae', 'Ruegeria conchae', 'Pantoea_sp._PSNIH2', 'Pantoea sp. PSNIH2', 'Pantoea_sp._PSNIH2', 'Pantoea sp. PSNIH2', 'Sphingomonas_sp._FUKUSWIS1', 'Sphingomonas sp. FUKUSWIS1', 'Sphingomonas_sp._FUKUSWIS1', 'Sphingomonas sp. FUKUSWIS1', 'Sphingomonas_sp._37zxx', 'Sphingomonas sp. 37zxx', 'Sphingomonas_sp._37zxx', 'Sphingomonas sp. 37zxx', 'Acidovorax_citrulli_AAC00-1', 'Acidovorax citrulli AAC00-1', 'Acidovorax_citrulli', 'Acidovorax citrulli', 'Francisella_cf._tularensis_subsp._novicida_3523', 'Francisella cf. tularensis subsp. novicida 3523', 'Francisella_tularensis_novicida', 'Francisella tularensis novicida', 'Alishewanella_jeotgali_KCTC_22429', 'Alishewanella jeotgali KCTC 22429', 'Alishewanella_jeotgali', 'Alishewanella jeotgali', 'Erythrobacter_sp._NAP1', 'Erythrobacter sp. NAP1', 'Erythrobacter_sp._NAP1', 'Erythrobacter sp. NAP1', 'Oligotropha_carboxidovorans_OM5', 'Oligotropha carboxidovorans OM5', 'Oligotropha_carboxidovorans', 'Oligotropha carboxidovorans', 'Sphingopyxis_alaskensis_RB2256', 'Sphingopyxis alaskensis RB2256', 'Sphingopyxis_alaskensis', 'Sphingopyxis alaskensis', 'Pseudoxanthomonas_suwonensis_11-1', 'Pseudoxanthomonas suwonensis 11-1', 'Pseudoxanthomonas_suwonensis_111', 'Pseudoxanthomonas suwonensis 111', 'Sphingobium_ummariense_RL-3', 'Sphingobium ummariense RL-3', 'Sphingobium_ummariense', 'Sphingobium ummariense', 'Methylobacterium_radiotolerans_JCM_2831', 'Methylobacterium radiotolerans JCM 2831', 'Methylobacterium_radiotolerans', 'Methylobacterium radiotolerans', 'Janthinobacterium_sp._Marseille', 'Janthinobacterium sp. Marseille', 'Janthinobacterium_sp._Marseille', 'Janthinobacterium sp. Marseille', 'Burkholderia_ambifaria_AMMD', 'Burkholderia ambifaria AMMD', 'Burkholderia_ambifaria', 'Burkholderia ambifaria', 'Parasutterella_excrementihominis_YIT_11859', 'Parasutterella excrementihominis YIT 11859', 'Parasutterella_excrementihominis', 'Parasutterella excrementihominis', 'Sphingomonas_sp._PAMC_26605', 'Sphingomonas sp. PAMC 26605', 'Sphingomonas_sp._PAMC26605', 'Sphingomonas sp. PAMC26605', 'Carnimonas_nigrificans_ATCC_BAA-78', 'Carnimonas nigrificans ATCC BAA-78', 'Carnimonas_nigrificans', 'Carnimonas nigrificans', 'Caulobacter_henricii', 'Caulobacter henricii', 'Caulobacter_henricii', 'Caulobacter henricii', 'Roseibium_sp._TrichSKD4', 'Roseibium sp. TrichSKD4', 'Roseibium_sp._TrichSKD4', 'Roseibium sp. TrichSKD4', 'Klebsiella_pneumoniae', 'Klebsiella pneumoniae', 'Klebsiella_pneumoniae', 'Klebsiella pneumoniae', 'Psychrobacter_sp._PAMC_21119', 'Psychrobacter sp. PAMC 21119', 'Psychrobacter_sp._PAMC21119', 'Psychrobacter sp. PAMC21119', 'Pseudomonas_stutzeri_KOS6', 'Pseudomonas stutzeri KOS6', 'Pseudomonas_stutzeri_KOS6', 'Pseudomonas stutzeri KOS6', 'Thiorhodococcus_drewsii_AZ1', 'Thiorhodococcus drewsii AZ1', 'Thiorhodococcus_drewsii', 'Thiorhodococcus drewsii', 'Citromicrobium_sp._JLT1363', 'Citromicrobium sp. JLT1363', 'Citromicrobium_sp._JLT1363', 'Citromicrobium sp. JLT1363', 'Chelativorans_sp._J32', 'Chelativorans sp. J32', 'Chelativorans_sp._J32', 'Chelativorans sp. J32', 'Sphingomonas_sp._FUKUSWIS1', 'Sphingomonas sp. FUKUSWIS1', 'Sphingomonas_sp._FUKUSWIS1', 'Sphingomonas sp. FUKUSWIS1', 'Citrobacter_rodentium_ICC168', 'Citrobacter rodentium ICC168', 'Citrobacter_rodentium', 'Citrobacter rodentium', 'Pantoea_sp._IMH', 'Pantoea sp. IMH', 'Pantoea_sp._IMH', 'Pantoea sp. IMH', 'Sinorhizobium_medicae_WSM419', 'Sinorhizobium medicae WSM419', 'Sinorhizobium_medicae', 'Sinorhizobium medicae', 'Enterovibrio_calviensis_1F-211', 'Enterovibrio calviensis 1F-211', 'Enterovibrio_calviensis', 'Enterovibrio calviensis', 'Stenotrophomonas_maltophilia_K279a', 'Stenotrophomonas maltophilia K279a', 'Stenotrophomonas_maltophilia_K279a', 'Stenotrophomonas maltophilia K279a', 'Acetobacteraceae_bacterium_AT-5844', 'Acetobacteraceae bacterium AT-5844', 'Acetobacteraceae_bacterium_AT5844', 'Acetobacteraceae bacterium AT5844', 'Burkholderia_gladioli_BSR3', 'Burkholderia gladioli BSR3', 'Burkholderia_gladioli', 'Burkholderia gladioli', 'Acidovorax_sp._MR-S7', 'Acidovorax sp. MR-S7', 'Acidovorax_sp._MRS7', 'Acidovorax sp. MRS7', 'Roseomonas_sp._B5', 'Roseomonas sp. B5', 'Roseomonas_sp._B5', 'Roseomonas sp. B5', 'Sphingomonas_sp._RIT328', 'Sphingomonas sp. RIT328', 'Sphingomonas_sp._RIT328', 'Sphingomonas sp. RIT328', 'Rhizobium_alamii', 'Rhizobium alamii', 'Rhizobium_alamii', 'Rhizobium alamii', 'Moraxella_bovoculi_237', 'Moraxella bovoculi 237', 'Moraxella_bovoculi', 'Moraxella bovoculi', 'Sphingobium_xenophagum_QYY', 'Sphingobium xenophagum QYY', 'Sphingobium_xenophagum', 'Sphingobium xenophagum', 'Pandoraea_sp._SD6-2', 'Pandoraea sp. SD6-2', 'Pandoraea_sp._SD62', 'Pandoraea sp. SD62', 'Klebsiella_pneumoniae', 'Klebsiella pneumoniae', 'Klebsiella_pneumoniae', 'Klebsiella pneumoniae', 'Rhizobium_etli_CIAT_652', 'Rhizobium etli CIAT 652', 'Rhizobium_etli_CIAT652', 'Rhizobium etli CIAT652', 'Oxalobacter_formigenes_OXCC13', 'Oxalobacter formigenes OXCC13', 'Oxalobacter_formigenes_OXCC13', 'Oxalobacter formigenes OXCC13', 'Janthinobacterium_sp._HH01', 'Janthinobacterium sp. HH01', 'Janthinobacterium_sp._HH01', 'Janthinobacterium sp. HH01', 'Sphingobium_ummariense_RL-3', 'Sphingobium ummariense RL-3', 'Sphingobium_ummariense', 'Sphingobium ummariense', 'Pandoraea_pnomenusa', 'Pandoraea pnomenusa', 'Pandoraea_pnomenusa', 'Pandoraea pnomenusa', 'Cobetia_crustatorum', 'Cobetia crustatorum', 'Cobetia_crustatorum', 'Cobetia crustatorum', 'Pseudomonas_luteola_XLDN4-9', 'Pseudomonas luteola XLDN4-9', 'Pseudomonas_luteola', 'Pseudomonas luteola', 'Pantoea_sp._A4', 'Pantoea sp. A4', 'Pantoea_sp._A4', 'Pantoea sp. A4', 'Pseudomonas_stutzeri_RCH2', 'Pseudomonas stutzeri RCH2', 'Pseudomonas_stutzeri_RCH2', 'Pseudomonas stutzeri RCH2', 'gamma_proteobacterium_IMCC3088', 'gamma proteobacterium IMCC3088', 'Gammaproteobacteria_bacterium_IMCC3088', 'Gammaproteobacteria bacterium IMCC3088', 'Pseudoxanthomonas_suwonensis_11-1', 'Pseudoxanthomonas suwonensis 11-1', 'Pseudoxanthomonas_suwonensis_111', 'Pseudoxanthomonas suwonensis 111', 'Legionella_anisa_str._Linanisette', 'Legionella anisa str. Linanisette', 'Legionella_anisa', 'Legionella anisa', 'Brevundimonas_diminuta_470-4', 'Brevundimonas diminuta 470-4', 'Brevundimonas_diminuta_4704', 'Brevundimonas diminuta 4704', 'Acetobacter_malorum', 'Acetobacter malorum', 'Acetobacter_malorum', 'Acetobacter malorum', 'Rhizobium_sp._YR519', 'Rhizobium sp. YR519', 'Rhizobium_sp._YR519', 'Rhizobium sp. YR519', 'Acinetobacter_gyllenbergii_NIPH_230', 'Acinetobacter gyllenbergii NIPH 230', 'Acinetobacter_gyllenbergii', 'Acinetobacter gyllenbergii', 'Celeribacter_baekdonensis_B30', 'Celeribacter baekdonensis B30', 'Celeribacter_baekdonensis', 'Celeribacter baekdonensis', 'Rhodospirillales_bacterium_URHD0088', 'Rhodospirillales bacterium URHD0088', 'Rhodospirillales_bacterium_URHD0088', 'Rhodospirillales bacterium URHD0088', 'Phyllobacterium_sp._UNC302MFCol5.2', 'Phyllobacterium sp. UNC302MFCol5.2', 'Phyllobacterium_sp._UNC302MFCol52', 'Phyllobacterium sp. UNC302MFCol52', 'Enhygromyxa_salina', 'Enhygromyxa salina', 'Enhygromyxa_salina', 'Enhygromyxa salina', 'Legionella_longbeachae_NSW150', 'Legionella longbeachae NSW150', 'Legionella_longbeachae', 'Legionella longbeachae', 'Alcanivorax_sp._43B_GOM-46m', 'Alcanivorax sp. 43B_GOM-46m', 'Alcanivorax_sp._43BGOM46m', 'Alcanivorax sp. 43BGOM46m', 'Marinobacter_sp._MCTG268', 'Marinobacter sp. MCTG268', 'Marinobacter_sp._MCTG268', 'Marinobacter sp. MCTG268', 'Halomonas_sp._KO116', 'Halomonas sp. KO116', 'Halomonas_sp._KO116', 'Halomonas sp. KO116', 'Plautia_stali_symbiont', 'Plautia stali symbiont', 'Plautia_stali', 'Plautia stali', 'Plautia_stali_symbiont', 'Plautia stali symbiont', 'Plautia_stali', 'Plautia stali', 'Comamonas_testosteroni_KF-1', 'Comamonas testosteroni KF-1', 'Comamonas_testosteroni_KF1', 'Comamonas testosteroni KF1', 'Variovorax_paradoxus_S110', 'Variovorax paradoxus S110', 'Variovorax_paradoxus_S110', 'Variovorax paradoxus S110', 'Sphingobium_sp._ba1', 'Sphingobium sp. ba1', 'Sphingobium_sp._ba1', 'Sphingobium sp. ba1', 'Pantoea_sp._Sc1', 'Pantoea sp. Sc1', 'Pantoea_sp._Sc1', 'Pantoea sp. Sc1', 'Sphingopyxis_sp._LC363', 'Sphingopyxis sp. LC363', 'Sphingopyxis_sp._LC363', 'Sphingopyxis sp. LC363', 'Francisella_tularensis_subsp._holarctica_LVS', 'Francisella tularensis subsp. holarctica LVS', 'Francisella_tularensis_holarctica', 'Francisella tularensis holarctica', 'Sphingomonas_sp._PAMC_26617', 'Sphingomonas sp. PAMC 26617', 'Sphingomonas_sp._PAMC26617', 'Sphingomonas sp. PAMC26617', 'Citromicrobium_sp._JLT1363', 'Citromicrobium sp. JLT1363', 'Citromicrobium_sp._JLT1363', 'Citromicrobium sp. JLT1363', 'Herbaspirillum_seropedicae_SmR1', 'Herbaspirillum seropedicae SmR1', 'Herbaspirillum_seropedicae', 'Herbaspirillum seropedicae', 'Marichromatium_purpuratum_984', 'Marichromatium purpuratum 984', 'Marichromatium_purpuratum', 'Marichromatium purpuratum', 'Haemophilus_sputorum_CCUG_13788', 'Haemophilus sputorum CCUG 13788', 'Haemophilus_sputorum', 'Haemophilus sputorum', 'Luteibacter_sp._9135', 'Luteibacter sp. 9135', 'Luteibacter_sp._9135', 'Luteibacter sp. 9135', 'Acetobacteraceae_bacterium_AT-5844', 'Acetobacteraceae bacterium AT-5844', 'Acetobacteraceae_bacterium_AT5844', 'Acetobacteraceae bacterium AT5844', 'Sphingobium_sp._C100', 'Sphingobium sp. C100', 'Sphingobium_sp._C100', 'Sphingobium sp. C100', 'Pseudomonas_sp._M1', 'Pseudomonas sp. M1', 'Pseudomonas_sp._M1', 'Pseudomonas sp. M1', 'Luteibacter_sp._9143', 'Luteibacter sp. 9143', 'Luteibacter_sp._9143', 'Luteibacter sp. 9143', 'Stenotrophomonas_maltophilia_PML168', 'Stenotrophomonas maltophilia PML168', 'Stenotrophomonas_maltophilia_PML168', 'Stenotrophomonas maltophilia PML168', 'Burkholderia_cepacia', 'Burkholderia cepacia', 'Burkholderia_cepacia', 'Burkholderia cepacia', 'Xanthomonas_hortorum_pv._carotae_str._M081', 'Xanthomonas hortorum pv. carotae str. M081', 'Xanthomonas_hortorum', 'Xanthomonas hortorum', 'Rhizobium_selenitireducens_ATCC_BAA-1503', 'Rhizobium selenitireducens ATCC BAA-1503', 'Rhizobium_selenitireducens', 'Rhizobium selenitireducens', 'Pseudomonas_stutzeri_KOS6', 'Pseudomonas stutzeri KOS6', 'Pseudomonas_stutzeri_KOS6', 'Pseudomonas stutzeri KOS6', 'Burkholderia_sp._9120', 'Burkholderia sp. 9120', 'Burkholderia_sp._9120', 'Burkholderia sp. 9120', 'Erythrobacter_sp._JL475', 'Erythrobacter sp. JL475', 'Erythrobacter_sp._JL475', 'Erythrobacter sp. JL475', 'Burkholderia_sp._CCGE1001', 'Burkholderia sp. CCGE1001', 'Burkholderia_sp._CCGE1001', 'Burkholderia sp. CCGE1001', 'Acinetobacter_sp._RUH2624', 'Acinetobacter sp. RUH2624', 'Acinetobacter_sp._RUH2624', 'Acinetobacter sp. RUH2624', 'Alishewanella_agri_BL06', 'Alishewanella agri BL06', 'Alishewanella_agri', 'Alishewanella agri', 'Bradyrhizobium_sp._OHSU_III', 'Bradyrhizobium sp. OHSU_III', 'Bradyrhizobium_sp._OHSUIII', 'Bradyrhizobium sp. OHSUIII', 'Photobacterium_leiognathi_lrivu.4.1', 'Photobacterium leiognathi lrivu.4.1', 'Photobacterium_leiognathi_lrivu41', 'Photobacterium leiognathi lrivu41', 'Stigmatella_aurantiaca_DW4/3-1', 'Stigmatella aurantiaca DW4/3-1', 'Stigmatella_aurantiaca', 'Stigmatella aurantiaca', 'Brevundimonas_sp._BAL3', 'Brevundimonas sp. BAL3', 'Brevundimonas_sp._BAL3', 'Brevundimonas sp. BAL3', 'Burkholderia_cepacia', 'Burkholderia cepacia', 'Burkholderia_cepacia', 'Burkholderia cepacia', 'Psychromonas_ossibalaenae_ATCC_BAA-1528', 'Psychromonas ossibalaenae ATCC BAA-1528', 'Psychromonas_ossibalaenae', 'Psychromonas ossibalaenae', 'Novosphingobium_tardaugens_NBRC_16725', 'Novosphingobium tardaugens NBRC 16725', 'Novosphingobium_tardaugens', 'Novosphingobium tardaugens', 'Rhizobium_sp._IBUN', 'Rhizobium sp. IBUN', 'Rhizobium_sp._IBUN', 'Rhizobium sp. IBUN', 'Pantoea_sp._PSNIH1', 'Pantoea sp. PSNIH1', 'Pantoea_sp._PSNIH1', 'Pantoea sp. PSNIH1', 'Sphingobium_baderi_LL03', 'Sphingobium baderi LL03', 'Sphingobium_baderi', 'Sphingobium baderi', 'Methylobacterium_oryzae_CBMB20', 'Methylobacterium oryzae CBMB20', 'Methylobacterium_oryzae', 'Methylobacterium oryzae', 'Advenella_mimigardefordensis_DPN7', 'Advenella mimigardefordensis DPN7', 'Advenella_mimigardefordensis', 'Advenella mimigardefordensis', 'Rhizobium_gallicum_bv._gallicum_R602sp', 'Rhizobium gallicum bv. gallicum R602sp', 'Rhizobium_gallicum', 'Rhizobium gallicum', 'Burkholderia_sp._lig30', 'Burkholderia sp. lig30', 'Burkholderia_sp._lig30', 'Burkholderia sp. lig30', 'Sphingomonas_sp._S17', 'Sphingomonas sp. S17', 'Sphingomonas_sp._S17', 'Sphingomonas sp. S17', 'Sphingopyxis_alaskensis_RB2256', 'Sphingopyxis alaskensis RB2256', 'Sphingopyxis_alaskensis', 'Sphingopyxis alaskensis', 'Erythrobacter_sp._JL475', 'Erythrobacter sp. JL475', 'Erythrobacter_sp._JL475', 'Erythrobacter sp. JL475', 'Photobacterium_damselae_subsp._damselae_CIP_102761', 'Photobacterium damselae subsp. damselae CIP 102761', 'Photobacterium_damselae', 'Photobacterium damselae', 'Francisella_sp._TX077308', 'Francisella sp. TX077308', 'Francisella_sp._TX077308', 'Francisella sp. TX077308', 'Sphingomonas_parapaucimobilis_NBRC_15100', 'Sphingomonas parapaucimobilis NBRC 15100', 'Sphingomonas_parapaucimobilis', 'Sphingomonas parapaucimobilis', 'Thioalkalivibrio_thiocyanodenitrificans_ARhD_1', 'Thioalkalivibrio thiocyanodenitrificans ARhD 1', 'Thioalkalivibrio_thiocyanodenitrificans', 'Thioalkalivibrio thiocyanodenitrificans', 'Vibrio_coralliilyticus_ATCC_BAA-450', 'Vibrio coralliilyticus ATCC BAA-450', 'Vibrio_coralliilyticus', 'Vibrio coralliilyticus', 'Sphingobium_ummariense_RL-3', 'Sphingobium ummariense RL-3', 'Sphingobium_ummariense', 'Sphingobium ummariense', 'Sphingobium_sp._C100', 'Sphingobium sp. C100', 'Sphingobium_sp._C100', 'Sphingobium sp. C100', 'Sphingomonas_taxi', 'Sphingomonas taxi', 'Sphingomonas_taxi', 'Sphingomonas taxi', 'Bradyrhizobium_japonicum_22', 'Bradyrhizobium japonicum 22', 'Bradyrhizobium_japonicum_22', 'Bradyrhizobium japonicum 22', 'Bradyrhizobium_sp._WSM2793', 'Bradyrhizobium sp. WSM2793', 'Bradyrhizobium_sp._WSM2793', 'Bradyrhizobium sp. WSM2793', 'Marinobacter_algicola_DG893', 'Marinobacter algicola DG893', 'Marinobacter_algicola', 'Marinobacter algicola', 'Sphingomonas_sp._FUKUSWIS1', 'Sphingomonas sp. FUKUSWIS1', 'Sphingomonas_sp._FUKUSWIS1', 'Sphingomonas sp. FUKUSWIS1', 'Sphingobium_sp._YL23', 'Sphingobium sp. YL23', 'Sphingobium_sp._YL23', 'Sphingobium sp. YL23', 'Citromicrobium_bathyomarinum_JL354', 'Citromicrobium bathyomarinum JL354', 'Citromicrobium_bathyomarinum', 'Citromicrobium bathyomarinum', 'Sphingomonas_paucimobilis', 'Sphingomonas paucimobilis', 'Sphingomonas_paucimobilis', 'Sphingomonas paucimobilis', 'Photobacterium_aphoticum', 'Photobacterium aphoticum', 'Photobacterium_aphoticum', 'Photobacterium aphoticum', 'Rhizobium_leucaenae_USDA_9039', 'Rhizobium leucaenae USDA 9039', 'Rhizobium_leucaenae', 'Rhizobium leucaenae', 'Stenotrophomonas_maltophilia_PML168', 'Stenotrophomonas maltophilia PML168', 'Stenotrophomonas_maltophilia_PML168', 'Stenotrophomonas maltophilia PML168', 'Sphingobium_yanoikuyae', 'Sphingobium yanoikuyae', 'Sphingobium_yanoikuyae', 'Sphingobium yanoikuyae', 'Blastomonas_sp._AAP53', 'Blastomonas sp. AAP53', 'Blastomonas_sp._AAP53', 'Blastomonas sp. AAP53', 'Syntrophus_aciditrophicus_SB', 'Syntrophus aciditrophicus SB', 'Syntrophus_aciditrophicus', 'Syntrophus aciditrophicus', 'Rhodospirillales_bacterium_URHD0088', 'Rhodospirillales bacterium URHD0088', 'Rhodospirillales_bacterium_URHD0088', 'Rhodospirillales bacterium URHD0088', 'Brevundimonas_naejangsanensis', 'Brevundimonas naejangsanensis', 'Brevundimonas_naejangsanensis', 'Brevundimonas naejangsanensis', 'Dongia_sp._URHE0060', 'Dongia sp. URHE0060', 'Dongia_sp._URHE0060', 'Dongia sp. URHE0060', 'Novosphingobium_sp._Rr_2-17', 'Novosphingobium sp. Rr 2-17', 'Novosphingobium_sp._Rr_217', 'Novosphingobium sp. Rr 217', 'alpha_proteobacterium_L41A', 'alpha proteobacterium L41A', 'alpha_proteobacterium_L41A', 'alpha proteobacterium L41A', 'Nitrobacter_winogradskyi_Nb-255', 'Nitrobacter winogradskyi Nb-255', 'Nitrobacter_winogradskyi', 'Nitrobacter winogradskyi', 'Shinella_sp._DD12', 'Shinella sp. DD12', 'Shinella_sp._DD12', 'Shinella sp. DD12', 'Erythrobacter_vulgaris', 'Erythrobacter vulgaris', 'Erythrobacter_vulgaris', 'Erythrobacter vulgaris', 'gamma_proteobacterium_NOR5-3', 'gamma proteobacterium NOR5-3', 'Gammaproteobacteria_bacterium_NOR53', 'Gammaproteobacteria bacterium NOR53', 'Legionella_drancourtii_LLAP12', 'Legionella drancourtii LLAP12', 'Legionella_drancourtii', 'Legionella drancourtii', 'Halomonas_sp._HL-48', 'Halomonas sp. HL-48', 'Halomonas_sp._HL48', 'Halomonas sp. HL48', 'Rhizobium_sp._CF394', 'Rhizobium sp. CF394', 'Rhizobium_sp._CF394', 'Rhizobium sp. CF394', 'Sinorhizobium_fredii_NGR234', 'Sinorhizobium fredii NGR234', 'Sinorhizobium_fredii_NGR234', 'Sinorhizobium fredii NGR234', 'Bradyrhizobium_sp._Tv2a-2', 'Bradyrhizobium sp. Tv2a-2', 'Bradyrhizobium_sp._Tv2a2', 'Bradyrhizobium sp. Tv2a2', 'Endozoicomonas_elysicola', 'Endozoicomonas elysicola', 'Endozoicomonas_elysicola', 'Endozoicomonas elysicola', 'Acinetobacter_sp._NIPH_2100', 'Acinetobacter sp. NIPH 2100', 'Acinetobacter_sp._NIPH2100', 'Acinetobacter sp. NIPH2100', 'Sphingobium_baderi_LL03', 'Sphingobium baderi LL03', 'Sphingobium_baderi', 'Sphingobium baderi', 'Sphingobium_yanoikuyae', 'Sphingobium yanoikuyae', 'Sphingobium_yanoikuyae', 'Sphingobium yanoikuyae', 'alpha_proteobacterium_Mf_1.05b.01', 'alpha proteobacterium Mf 1.05b.01', 'alpha_proteobacterium_Mf_105b01', 'alpha proteobacterium Mf 105b01', 'Gluconacetobacter_diazotrophicus_PA1_5', 'Gluconacetobacter diazotrophicus PA1 5', 'Gluconacetobacter_diazotrophicus', 'Gluconacetobacter diazotrophicus', 'Bosea_sp._UNC402CLCol', 'Bosea sp. UNC402CLCol', 'Bosea_sp._UNC402CLCol', 'Bosea sp. UNC402CLCol', 'Novosphingobium_tardaugens_NBRC_16725', 'Novosphingobium tardaugens NBRC 16725', 'Novosphingobium_tardaugens', 'Novosphingobium tardaugens', 'Sphingomonas_sp._RIT328', 'Sphingomonas sp. RIT328', 'Sphingomonas_sp._RIT328', 'Sphingomonas sp. RIT328', 'Burkholderia_cenocepacia_J2315', 'Burkholderia cenocepacia J2315', 'Burkholderia_cenocepacia', 'Burkholderia cenocepacia', 'Pseudoxanthomonas_sp._GW2', 'Pseudoxanthomonas sp. GW2', 'Pseudoxanthomonas_sp._GW2', 'Pseudoxanthomonas sp. GW2', 'Erythrobacter_sp._SD-21', 'Erythrobacter sp. SD-21', 'Erythrobacter_sp._SD21', 'Erythrobacter sp. SD21', 'Xanthomonas_fragariae_LMG_25863', 'Xanthomonas fragariae LMG 25863', 'Xanthomonas_fragariae', 'Xanthomonas fragariae', 'Erythrobacter_vulgaris', 'Erythrobacter vulgaris', 'Erythrobacter_vulgaris', 'Erythrobacter vulgaris', 'Methylobacterium_sp._88A', 'Methylobacterium sp. 88A', 'Methylobacterium_sp._88A', 'Methylobacterium sp. 88A', 'Azorhizobium_doebereinerae_UFLA1-100', 'Azorhizobium doebereinerae UFLA1-100', 'Azorhizobium_doebereinerae', 'Azorhizobium doebereinerae', 'Vibrio_parahaemolyticus_RIMD_2210633', 'Vibrio parahaemolyticus RIMD 2210633', 'Vibrio_parahaemolyticus', 'Vibrio parahaemolyticus', 'Nitratireductor_indicus_C115', 'Nitratireductor indicus C115', 'Nitratireductor_indicus', 'Nitratireductor indicus', 'Rhizobium_leguminosarum_bv._viciae_3841', 'Rhizobium leguminosarum bv. viciae 3841', 'Rhizobium_leguminosarum_3841', 'Rhizobium leguminosarum 3841', 'Dyella_ginsengisoli_LA-4', 'Dyella ginsengisoli LA-4', 'Dyella_ginsengisoli', 'Dyella ginsengisoli', 'Thiorhodovibrio_sp._970', 'Thiorhodovibrio sp. 970', 'Thiorhodovibrio_sp._970', 'Thiorhodovibrio sp. 970', 'Blastomonas_sp._AAP53', 'Blastomonas sp. AAP53', 'Blastomonas_sp._AAP53', 'Blastomonas sp. AAP53', 'Xanthomonas_campestris_pv._musacearum_NCPPB_4379', 'Xanthomonas campestris pv. musacearum NCPPB 4379', 'Xanthomonas_campestris_musacearum', 'Xanthomonas campestris musacearum', 'Sphingobium_chlorophenolicum', 'Sphingobium chlorophenolicum', 'Sphingobium_chlorophenolicum', 'Sphingobium chlorophenolicum', 'Bradyrhizobium_sp._WSM3983', 'Bradyrhizobium sp. WSM3983', 'Bradyrhizobium_sp._WSM3983', 'Bradyrhizobium sp. WSM3983', 'Klebsiella_pneumoniae', 'Klebsiella pneumoniae', 'Klebsiella_pneumoniae', 'Klebsiella pneumoniae', 'Methylobacterium_sp._77', 'Methylobacterium sp. 77', 'Methylobacterium_sp._77', 'Methylobacterium sp. 77', 'Sphingomonas_parapaucimobilis_NBRC_15100', 'Sphingomonas parapaucimobilis NBRC 15100', 'Sphingomonas_parapaucimobilis', 'Sphingomonas parapaucimobilis', 'Sphingopyxis_sp._MC1', 'Sphingopyxis sp. MC1', 'Sphingopyxis_sp._MC1', 'Sphingopyxis sp. MC1', 'Sphingobium_sp._YL23', 'Sphingobium sp. YL23', 'Sphingobium_sp._YL23', 'Sphingobium sp. YL23', 'Halomonas_alkaliantarctica', 'Halomonas alkaliantarctica', 'Halomonas_alkaliantarctica', 'Halomonas alkaliantarctica', 'Bradyrhizobium_japonicum_in8p8', 'Bradyrhizobium japonicum in8p8', 'Bradyrhizobium_japonicum_in8p8', 'Bradyrhizobium japonicum in8p8', 'Sphingomonas_sp._37zxx', 'Sphingomonas sp. 37zxx', 'Sphingomonas_sp._37zxx', 'Sphingomonas sp. 37zxx', 'Bosea_sp._UNC402CLCol', 'Bosea sp. UNC402CLCol', 'Bosea_sp._UNC402CLCol', 'Bosea sp. UNC402CLCol', 'Desulfovibrio_sp._X2', 'Desulfovibrio sp. X2', 'Desulfovibrio_sp._X2', 'Desulfovibrio sp. X2', 'Methylobacterium_sp._GXF4', 'Methylobacterium sp. GXF4', 'Methylobacterium_sp._GXF4', 'Methylobacterium sp. GXF4', 'Nitratireductor_basaltis', 'Nitratireductor basaltis', 'Nitratireductor_basaltis', 'Nitratireductor basaltis', 'Luteimonas_huabeiensis_HB2', 'Luteimonas huabeiensis HB2', 'Luteimonas_huabeiensis', 'Luteimonas huabeiensis', 'Burkholderia_ambifaria_AMMD', 'Burkholderia ambifaria AMMD', 'Burkholderia_ambifaria', 'Burkholderia ambifaria', 'Sphingobium_baderi_LL03', 'Sphingobium baderi LL03', 'Sphingobium_baderi', 'Sphingobium baderi', 'Sphingobium_sp._AP49', 'Sphingobium sp. AP49', 'Sphingobium_sp._AP49', 'Sphingobium sp. AP49', 'Vibrio_azureus_NBRC_104587', 'Vibrio azureus NBRC 104587', 'Vibrio_azureus', 'Vibrio azureus', 'Acetobacteraceae_bacterium_AT-5844', 'Acetobacteraceae bacterium AT-5844', 'Acetobacteraceae_bacterium_AT5844', 'Acetobacteraceae bacterium AT5844', 'Sphingobium_xenophagum_QYY', 'Sphingobium xenophagum QYY', 'Sphingobium_xenophagum', 'Sphingobium xenophagum', 'Sphingomonas_phyllosphaerae_5.2', 'Sphingomonas phyllosphaerae 5.2', 'Sphingomonas_phyllosphaerae_52', 'Sphingomonas phyllosphaerae 52', 'Pseudomonas_sp._Chol1', 'Pseudomonas sp. Chol1', 'Pseudomonas_sp._Chol1', 'Pseudomonas sp. Chol1', 'Rhizobium_sp._CF097', 'Rhizobium sp. CF097', 'Rhizobium_sp._CF097', 'Rhizobium sp. CF097', 'Asticcacaulis_sp._AC460', 'Asticcacaulis sp. AC460', 'Asticcacaulis_sp._AC460', 'Asticcacaulis sp. AC460', 'Pseudomonas_stutzeri_NF13', 'Pseudomonas stutzeri NF13', 'Pseudomonas_stutzeri_NF13', 'Pseudomonas stutzeri NF13', 'Burkholderia_vietnamiensis_G4', 'Burkholderia vietnamiensis G4', 'Burkholderia_vietnamiensis', 'Burkholderia vietnamiensis', 'Acidovorax_ebreus_TPSY', 'Acidovorax ebreus TPSY', 'Acidovorax_ebreus', 'Acidovorax ebreus', 'Ramlibacter_tataouinensis_TTB310', 'Ramlibacter tataouinensis TTB310', 'Ramlibacter_tataouinensis', 'Ramlibacter tataouinensis', 'Erythrobacter_litoralis_HTCC2594', 'Erythrobacter litoralis HTCC2594', 'Erythrobacter_litoralis', 'Erythrobacter litoralis', 'Thioalkalivibrio_thiocyanodenitrificans_ARhD_1', 'Thioalkalivibrio thiocyanodenitrificans ARhD 1', 'Thioalkalivibrio_thiocyanodenitrificans', 'Thioalkalivibrio thiocyanodenitrificans', 'Pseudomonas_putida_MTCC_5279', 'Pseudomonas putida MTCC 5279', 'Pseudomonas_putida_MTCC5279', 'Pseudomonas putida MTCC5279', 'Microvirga_flocculans_ATCC_BAA-817', 'Microvirga flocculans ATCC BAA-817', 'Microvirga_flocculans', 'Microvirga flocculans', 'Rhizobium_leguminosarum_bv._viciae_GB30', 'Rhizobium leguminosarum bv. viciae GB30', 'Rhizobium_leguminosarum_GB30', 'Rhizobium leguminosarum GB30', 'Sphingobium_baderi_LL03', 'Sphingobium baderi LL03', 'Sphingobium_baderi', 'Sphingobium baderi', 'Bradyrhizobium_japonicum_USDA_124', 'Bradyrhizobium japonicum USDA 124', 'Bradyrhizobium_japonicum_USDA124', 'Bradyrhizobium japonicum USDA124', 'Azoarcus_sp._KH32C', 'Azoarcus sp. KH32C', 'Azoarcus_sp._KH32C', 'Azoarcus sp. KH32C', 'Rhizobium_etli_bv._mimosae_str._IE4771', 'Rhizobium etli bv. mimosae str. IE4771', 'Rhizobium_etli_mimosae', 'Rhizobium etli mimosae', 'Sphingobium_japonicum_UT26S', 'Sphingobium japonicum UT26S', 'Sphingobium_japonicum_UT26S', 'Sphingobium japonicum UT26S', 'Citromicrobium_sp._JLT1363', 'Citromicrobium sp. JLT1363', 'Citromicrobium_sp._JLT1363', 'Citromicrobium sp. JLT1363', 'Pseudomonas_stutzeri_TS44', 'Pseudomonas stutzeri TS44', 'Pseudomonas_stutzeri_TS44', 'Pseudomonas stutzeri TS44', 'Rubrivivax_gelatinosus_IL144', 'Rubrivivax gelatinosus IL144', 'Rubrivivax_gelatinosus', 'Rubrivivax gelatinosus', 'Burkholderia_glumae_BGR1', 'Burkholderia glumae BGR1', 'Burkholderia_glumae', 'Burkholderia glumae', 'Sphingomonas_melonis_DAPP-PG_224', 'Sphingomonas melonis DAPP-PG 224', 'Sphingomonas_melonis', 'Sphingomonas melonis', 'Novosphingobium_sp._AP12', 'Novosphingobium sp. AP12', 'Novosphingobium_sp._AP12', 'Novosphingobium sp. AP12', 'Sphingobium_sp._SYK-6', 'Sphingobium sp. SYK-6', 'Sphingobium_sp._SYK6', 'Sphingobium sp. SYK6', 'alpha_proteobacterium_Mf_1.05b.01', 'alpha proteobacterium Mf 1.05b.01', 'alpha_proteobacterium_Mf_105b01', 'alpha proteobacterium Mf 105b01', 'Bradyrhizobium_elkanii_WSM2783', 'Bradyrhizobium elkanii WSM2783', 'Bradyrhizobium_elkanii_WSM2783', 'Bradyrhizobium elkanii WSM2783', 'Porphyrobacter_sp._HL-46', 'Porphyrobacter sp. HL-46', 'Porphyrobacter_sp._HL46', 'Porphyrobacter sp. HL46', 'Sphingomonas_sp._35-24ZXX', 'Sphingomonas sp. 35-24ZXX', 'Sphingomonas_sp._3524ZXX', 'Sphingomonas sp. 3524ZXX', 'Alcaligenes_faecalis', 'Alcaligenes faecalis', 'Alcaligenes_faecalis', 'Alcaligenes faecalis', 'Burkholderia_sp._K24', 'Burkholderia sp. K24', 'Burkholderia_sp._K24', 'Burkholderia sp. K24', 'Klebsiella_oxytoca', 'Klebsiella oxytoca', 'Klebsiella_oxytoca', 'Klebsiella oxytoca', 'Burkholderia_sp._9120', 'Burkholderia sp. 9120', 'Burkholderia_sp._9120', 'Burkholderia sp. 9120', 'Pantoea_ananatis_AJ13355', 'Pantoea ananatis AJ13355', 'Pantoea_ananatis_AJ13355', 'Pantoea ananatis AJ13355', 'Novosphingobium_pentaromativorans_US6-1', 'Novosphingobium pentaromativorans US6-1', 'Novosphingobium_pentaromativorans', 'Novosphingobium pentaromativorans', 'Rhodobacter_capsulatus_SB_1003', 'Rhodobacter capsulatus SB 1003', 'Rhodobacter_capsulatus', 'Rhodobacter capsulatus', 'Herbaspirillum_frisingense_GSF30', 'Herbaspirillum frisingense GSF30', 'Herbaspirillum_frisingense', 'Herbaspirillum frisingense', 'Dichelobacter_nodosus_VCS1703A', 'Dichelobacter nodosus VCS1703A', 'Dichelobacter_nodosus', 'Dichelobacter nodosus', 'Salinisphaera_shabanensis_E1L3A', 'Salinisphaera shabanensis E1L3A', 'Salinisphaera_shabanensis', 'Salinisphaera shabanensis', 'Bradyrhizobium_elkanii_USDA_76', 'Bradyrhizobium elkanii USDA 76', 'Bradyrhizobium_elkanii_USDA76', 'Bradyrhizobium elkanii USDA76', 'Sphingobium_sp._ba1', 'Sphingobium sp. ba1', 'Sphingobium_sp._ba1', 'Sphingobium sp. ba1', 'Sphingopyxis_sp._LC81', 'Sphingopyxis sp. LC81', 'Sphingopyxis_sp._LC81', 'Sphingopyxis sp. LC81', 'Rhizobium_leguminosarum_bv._viciae_GB30', 'Rhizobium leguminosarum bv. viciae GB30', 'Rhizobium_leguminosarum_GB30', 'Rhizobium leguminosarum GB30', 'Porphyrobacter_sp._HL-46', 'Porphyrobacter sp. HL-46', 'Porphyrobacter_sp._HL46', 'Porphyrobacter sp. HL46', 'Caulobacter_henricii', 'Caulobacter henricii', 'Caulobacter_henricii', 'Caulobacter henricii', 'Sphingobium_yanoikuyae', 'Sphingobium yanoikuyae', 'Sphingobium_yanoikuyae', 'Sphingobium yanoikuyae', 'Klebsiella_pneumoniae', 'Klebsiella pneumoniae', 'Klebsiella_pneumoniae', 'Klebsiella pneumoniae', 'Stigmatella_aurantiaca_DW4/3-1', 'Stigmatella aurantiaca DW4/3-1', 'Stigmatella_aurantiaca', 'Stigmatella aurantiaca', 'Ensifer_sp._BR816', 'Ensifer sp. BR816', 'Ensifer_sp._BR816', 'Ensifer sp. BR816', 'Erythrobacter_sp._SD-21', 'Erythrobacter sp. SD-21', 'Erythrobacter_sp._SD21', 'Erythrobacter sp. SD21', 'Xanthomonas_albilineans_GPE_PC73', 'Xanthomonas albilineans GPE PC73', 'Xanthomonas_albilineans', 'Xanthomonas albilineans', 'Porphyrobacter_sp._AAP82', 'Porphyrobacter sp. AAP82', 'Porphyrobacter_sp._AAP82', 'Porphyrobacter sp. AAP82', 'Sphingomonas_sp._FUKUSWIS1', 'Sphingomonas sp. FUKUSWIS1', 'Sphingomonas_sp._FUKUSWIS1', 'Sphingomonas sp. FUKUSWIS1', 'Oxalobacter_formigenes_HOxBLS', 'Oxalobacter formigenes HOxBLS', 'Oxalobacter_formigenes_HOxBLS', 'Oxalobacter formigenes HOxBLS', 'Sphingomonas_sp._37zxx', 'Sphingomonas sp. 37zxx', 'Sphingomonas_sp._37zxx', 'Sphingomonas sp. 37zxx', 'Sphingopyxis_sp._MWB1', 'Sphingopyxis sp. MWB1', 'Sphingopyxis_sp._MWB1', 'Sphingopyxis sp. MWB1', 'Rhizobium_sullae_WSM1592', 'Rhizobium sullae WSM1592', 'Rhizobium_sullae', 'Rhizobium sullae', 'Francisella_tularensis_subsp._tularensis_SCHU_S4', 'Francisella tularensis subsp. tularensis SCHU S4', 'Francisella_tularensis_SCHUS4', 'Francisella tularensis SCHUS4', 'Vibrio_sp._EJY3', 'Vibrio sp. EJY3', 'Vibrio_sp._EJY3', 'Vibrio sp. EJY3', 'Microvirga_lotononidis', 'Microvirga lotononidis', 'Microvirga_lotononidis', 'Microvirga lotononidis', 'Actinobacillus_minor_NM305', 'Actinobacillus minor NM305', 'Actinobacillus_minor_NM305', 'Actinobacillus minor NM305', 'Oceanicola_sp._HL-35', 'Oceanicola sp. HL-35', 'Oceanicola_sp._HL35', 'Oceanicola sp. HL35', 'Porphyrobacter_sp._HL-46', 'Porphyrobacter sp. HL-46', 'Porphyrobacter_sp._HL46', 'Porphyrobacter sp. HL46', 'Roseivivax_isoporae_LMG_25204', 'Roseivivax isoporae LMG 25204', 'Roseivivax_isoporae', 'Roseivivax isoporae', 'Sandarakinorhabdus_sp._AAP62', 'Sandarakinorhabdus sp. AAP62', 'Sandarakinorhabdus_sp._AAP62', 'Sandarakinorhabdus sp. AAP62', 'Bradyrhizobium_elkanii_WSM1741', 'Bradyrhizobium elkanii WSM1741', 'Bradyrhizobium_elkanii_WSM1741', 'Bradyrhizobium elkanii WSM1741', 'Mariprofundus_ferrooxydans_PV-1', 'Mariprofundus ferrooxydans PV-1', 'Mariprofundus_ferrooxydans', 'Mariprofundus ferrooxydans', 'Sphingomonas_sp._Mn802worker', 'Sphingomonas sp. Mn802worker', 'Sphingomonas_sp._Mn802worker', 'Sphingomonas sp. Mn802worker', 'Lysobacter_antibioticus', 'Lysobacter antibioticus', 'Lysobacter_antibioticus', 'Lysobacter antibioticus', 'Yersinia_massiliensis_CCUG_53443', 'Yersinia massiliensis CCUG 53443', 'Yersinia_massiliensis', 'Yersinia massiliensis', 'Phenylobacterium_zucineum_HLK1', 'Phenylobacterium zucineum HLK1', 'Phenylobacterium_zucineum', 'Phenylobacterium zucineum', 'Thioflavicoccus_mobilis_8321', 'Thioflavicoccus mobilis 8321', 'Thioflavicoccus_mobilis', 'Thioflavicoccus mobilis', 'Roseovarius_sp._MCTG156(2b)', 'Roseovarius sp. MCTG156(2b)', 'Roseovarius_sp._MCTG156', 'Roseovarius sp. MCTG156', 'Pseudovibrio_sp._FO-BEG1', 'Pseudovibrio sp. FO-BEG1', 'Pseudovibrio_sp._FOBEG1', 'Pseudovibrio sp. FOBEG1', 'Sphingomonas_sp._PAMC_26605', 'Sphingomonas sp. PAMC 26605', 'Sphingomonas_sp._PAMC26605', 'Sphingomonas sp. PAMC26605', 'Sphingomonas_wittichii_RW1', 'Sphingomonas wittichii RW1', 'Sphingomonas_wittichii', 'Sphingomonas wittichii', 'Sphingomonas_paucimobilis', 'Sphingomonas paucimobilis', 'Sphingomonas_paucimobilis', 'Sphingomonas paucimobilis', 'Pseudoxanthomonas_sp._GW2', 'Pseudoxanthomonas sp. GW2', 'Pseudoxanthomonas_sp._GW2', 'Pseudoxanthomonas sp. GW2', 'Acidovorax_sp._JS42', 'Acidovorax sp. JS42', 'Acidovorax_sp._JS42', 'Acidovorax sp. JS42', 'Citrobacter_farmeri_GTC_1319', 'Citrobacter farmeri GTC 1319', 'Citrobacter_farmeri', 'Citrobacter farmeri', 'Caulobacter_sp._UNC358MFTsu5.1', 'Caulobacter sp. UNC358MFTsu5.1', 'Caulobacter_sp._UNC358MFTsu51', 'Caulobacter sp. UNC358MFTsu51', 'Alcanivorax_dieselolei_B5', 'Alcanivorax dieselolei B5', 'Alcanivorax_dieselolei', 'Alcanivorax dieselolei', 'Burkholderia_pseudomallei_K96243', 'Burkholderia pseudomallei K96243', 'Burkholderia_pseudomallei_K96243', 'Burkholderia pseudomallei K96243', 'Serratia_fonticola_AU-AP2C', 'Serratia fonticola AU-AP2C', 'Serratia_fonticola_AUAP2C', 'Serratia fonticola AUAP2C', 'Sphingobium_herbicidovorans_NBRC_16415', 'Sphingobium herbicidovorans NBRC 16415', 'Sphingobium_herbicidovorans', 'Sphingobium herbicidovorans', 'Marinobacter_nanhaiticus_D15-8W', 'Marinobacter nanhaiticus D15-8W', 'Marinobacter_nanhaiticus', 'Marinobacter nanhaiticus', 'Bradyrhizobium_genosp._SA-4_str._CB756', 'Bradyrhizobium genosp. SA-4 str. CB756', 'Bradyrhizobium_genosp.', 'Bradyrhizobium genosp.', 'Photobacterium_angustum_S14', 'Photobacterium angustum S14', 'Photobacterium_angustum', 'Photobacterium angustum', 'Hahella_chejuensis_KCTC_2396', 'Hahella chejuensis KCTC 2396', 'Hahella_chejuensis', 'Hahella chejuensis', 'Rhizobium_mesoamericanum_STM3625', 'Rhizobium mesoamericanum STM3625', 'Rhizobium_mesoamericanum', 'Rhizobium mesoamericanum', 'Serratia_sp._DD3', 'Serratia sp. DD3', 'Serratia_sp._DD3', 'Serratia sp. DD3', 'Ralstonia_sp._AU12-08', 'Ralstonia sp. AU12-08', 'Ralstonia_sp._AU1208', 'Ralstonia sp. AU1208', 'Variovorax_paradoxus_EPS', 'Variovorax paradoxus EPS', 'Variovorax_paradoxus_EPS', 'Variovorax paradoxus EPS', 'Serratia_sp._DD3', 'Serratia sp. DD3', 'Serratia_sp._DD3', 'Serratia sp. DD3', 'Oligella_urethralis_DNF00040', 'Oligella urethralis DNF00040', 'Oligella_urethralis', 'Oligella urethralis', 'Marinobacter_hydrocarbonoclasticus_VT8', 'Marinobacter hydrocarbonoclasticus VT8', 'Marinobacter_hydrocarbonoclasticus', 'Marinobacter hydrocarbonoclasticus', 'Burkholderia_vietnamiensis_G4', 'Burkholderia vietnamiensis G4', 'Burkholderia_vietnamiensis', 'Burkholderia vietnamiensis', 'Serratia_fonticola_AU-AP2C', 'Serratia fonticola AU-AP2C', 'Serratia_fonticola_AUAP2C', 'Serratia fonticola AUAP2C', 'Agrobacterium_radiobacter_K84', 'Agrobacterium radiobacter K84', 'Agrobacterium_radiobacter', 'Agrobacterium radiobacter', 'Burkholderia_sp._lig30', 'Burkholderia sp. lig30', 'Burkholderia_sp._lig30', 'Burkholderia sp. lig30', 'Salinisphaera_hydrothermalis_C41B8', 'Salinisphaera hydrothermalis C41B8', 'Salinisphaera_hydrothermalis', 'Salinisphaera hydrothermalis', 'Geobacter_lovleyi_SZ', 'Geobacter lovleyi SZ', 'Geobacter_lovleyi', 'Geobacter lovleyi', 'Rhizobium_leguminosarum_bv._viciae_248', 'Rhizobium leguminosarum bv. viciae 248', 'Rhizobium_leguminosarum_248', 'Rhizobium leguminosarum 248', 'Bradyrhizobium_sp._ARR65', 'Bradyrhizobium sp. ARR65', 'Bradyrhizobium_sp._ARR65', 'Bradyrhizobium sp. ARR65', 'Citromicrobium_bathyomarinum_JL354', 'Citromicrobium bathyomarinum JL354', 'Citromicrobium_bathyomarinum', 'Citromicrobium bathyomarinum', 'Sphingobium_sp._YL23', 'Sphingobium sp. YL23', 'Sphingobium_sp._YL23', 'Sphingobium sp. YL23', 'Marinobacter_sp._MCTG268', 'Marinobacter sp. MCTG268', 'Marinobacter_sp._MCTG268', 'Marinobacter sp. MCTG268', 'Photorhabdus_asymbiotica', 'Photorhabdus asymbiotica', 'Photorhabdus_asymbiotica', 'Photorhabdus asymbiotica', 'Xanthomonas_cassavae_CFBP_4642', 'Xanthomonas cassavae CFBP 4642', 'Xanthomonas_cassavae', 'Xanthomonas cassavae', 'Sphingobium_ummariense_RL-3', 'Sphingobium ummariense RL-3', 'Sphingobium_ummariense', 'Sphingobium ummariense', 'Herbaspirillum_sp._GW103', 'Herbaspirillum sp. GW103', 'Herbaspirillum_sp._GW103', 'Herbaspirillum sp. GW103', 'Devosia_sp._17-2-E-8', 'Devosia sp. 17-2-E-8', 'Devosia_sp._172E8', 'Devosia sp. 172E8', 'Sphingomonas_sp._SKA58', 'Sphingomonas sp. SKA58', 'Sphingomonas_sp._SKA58', 'Sphingomonas sp. SKA58', 'Pseudomonas_stutzeri_A1501', 'Pseudomonas stutzeri A1501', 'Pseudomonas_stutzeri_A1501', 'Pseudomonas stutzeri A1501', 'Sphingopyxis_sp._MWB1', 'Sphingopyxis sp. MWB1', 'Sphingopyxis_sp._MWB1', 'Sphingopyxis sp. MWB1', 'Halomonas_alkaliantarctica', 'Halomonas alkaliantarctica', 'Halomonas_alkaliantarctica', 'Halomonas alkaliantarctica', 'Rhizobium_sp._2MFCol3.1', 'Rhizobium sp. 2MFCol3.1', 'Rhizobium_sp._2MFCol31', 'Rhizobium sp. 2MFCol31', 'Desulfovibrio_fructosivorans_JJ', 'Desulfovibrio fructosivorans JJ', 'Desulfovibrio_fructosivorans', 'Desulfovibrio fructosivorans', 'Ramlibacter_tataouinensis_TTB310', 'Ramlibacter tataouinensis TTB310', 'Ramlibacter_tataouinensis', 'Ramlibacter tataouinensis', 'Sphingopyxis_sp._LC81', 'Sphingopyxis sp. LC81', 'Sphingopyxis_sp._LC81', 'Sphingopyxis sp. LC81', 'Burkholderia_sp._lig30', 'Burkholderia sp. lig30', 'Burkholderia_sp._lig30', 'Burkholderia sp. lig30', 'Advenella_kashmirensis_W13003', 'Advenella kashmirensis W13003', 'Advenella_kashmirensis_W13003', 'Advenella kashmirensis W13003', 'Sphingomonas_phyllosphaerae_5.2', 'Sphingomonas phyllosphaerae 5.2', 'Sphingomonas_phyllosphaerae_52', 'Sphingomonas phyllosphaerae 52', 'Collimonas_fungivorans_Ter331', 'Collimonas fungivorans Ter331', 'Collimonas_fungivorans', 'Collimonas fungivorans', 'Citreicella_sp._SE45', 'Citreicella sp. SE45', 'Citreicella_sp._SE45', 'Citreicella sp. SE45', 'Bradyrhizobium_sp._BTAi1', 'Bradyrhizobium sp. BTAi1', 'Bradyrhizobium_sp._BTAi1', 'Bradyrhizobium sp. BTAi1', 'Sphingobium_chlorophenolicum', 'Sphingobium chlorophenolicum', 'Sphingobium_chlorophenolicum', 'Sphingobium chlorophenolicum', 'Bradyrhizobium_sp._Ec3.3', 'Bradyrhizobium sp. Ec3.3', 'Bradyrhizobium_sp._Ec33', 'Bradyrhizobium sp. Ec33', 'Acinetobacter_baumannii', 'Acinetobacter baumannii', 'Acinetobacter_baumannii', 'Acinetobacter baumannii', 'Sinorhizobium_sp._CCBAU_05631', 'Sinorhizobium sp. CCBAU 05631', 'Sinorhizobium_sp._CCBAU05631', 'Sinorhizobium sp. CCBAU05631', 'Marinobacter_sp._HL-58', 'Marinobacter sp. HL-58', 'Marinobacter_sp._HL58', 'Marinobacter sp. HL58', 'Desulfotalea_psychrophila_LSv54', 'Desulfotalea psychrophila LSv54', 'Desulfotalea_psychrophila', 'Desulfotalea psychrophila', 'Sphingomonas_sp._SKA58', 'Sphingomonas sp. SKA58', 'Sphingomonas_sp._SKA58', 'Sphingomonas sp. SKA58', 'Pantoea_sp._Sc1', 'Pantoea sp. Sc1', 'Pantoea_sp._Sc1', 'Pantoea sp. Sc1', 'Acidovorax_sp._KKS102', 'Acidovorax sp. KKS102', 'Acidovorax_sp._KKS102', 'Acidovorax sp. KKS102', 'Nitratireductor_pacificus_pht-3B', 'Nitratireductor pacificus pht-3B', 'Nitratireductor_pacificus', 'Nitratireductor pacificus', 'Burkholderia_cenocepacia_J2315', 'Burkholderia cenocepacia J2315', 'Burkholderia_cenocepacia', 'Burkholderia cenocepacia', 'Sphingomonas_sp._PAMC_26605', 'Sphingomonas sp. PAMC 26605', 'Sphingomonas_sp._PAMC26605', 'Sphingomonas sp. PAMC26605', 'Granulibacter_bethesdensis_CGDNIH1', 'Granulibacter bethesdensis CGDNIH1', 'Granulibacter_bethesdensis', 'Granulibacter bethesdensis', 'Novosphingobium_resinovorum', 'Novosphingobium resinovorum', 'Novosphingobium_resinovorum', 'Novosphingobium resinovorum', 'Halomonas_sp._GFAJ-1', 'Halomonas sp. GFAJ-1', 'Halomonas_sp._GFAJ1', 'Halomonas sp. GFAJ1', 'Agrobacterium_rhizogenes', 'Agrobacterium rhizogenes', 'Agrobacterium_rhizogenes', 'Agrobacterium rhizogenes', 'Sphingomonas_sp._Mn802worker', 'Sphingomonas sp. Mn802worker', 'Sphingomonas_sp._Mn802worker', 'Sphingomonas sp. Mn802worker', 'Cupriavidus_metallidurans_CH34', 'Cupriavidus metallidurans CH34', 'Cupriavidus_metallidurans', 'Cupriavidus metallidurans', 'Agrobacterium_tumefaciens_str._Cherry_2E-2-2', 'Agrobacterium tumefaciens str. Cherry 2E-2-2', 'Agrobacterium_tumefaciens_Cherry', 'Agrobacterium tumefaciens Cherry', 'Salmonella_enterica_subsp._enterica_serovar_Typhimurium', 'Salmonella enterica subsp. enterica serovar Typhimurium', 'Salmonella_enterica_Typhimurium', 'Salmonella enterica Typhimurium', 'Bosea_sp._LC85', 'Bosea sp. LC85', 'Bosea_sp._LC85', 'Bosea sp. LC85', 'Pusillimonas_sp._T7-7', 'Pusillimonas sp. T7-7', 'Pusillimonas_sp._T77', 'Pusillimonas sp. T77', 'Fluoribacter_dumoffii_NY_23', 'Fluoribacter dumoffii NY 23', 'Fluoribacter_dumoffii', 'Fluoribacter dumoffii', 'Sphingomonas_sp._Mn802worker', 'Sphingomonas sp. Mn802worker', 'Sphingomonas_sp._Mn802worker', 'Sphingomonas sp. Mn802worker', 'Erythrobacter_longus', 'Erythrobacter longus', 'Erythrobacter_longus', 'Erythrobacter longus', 'Erythrobacter_longus', 'Erythrobacter longus', 'Erythrobacter_longus', 'Erythrobacter longus', 'Bradyrhizobium_sp._th.b2', 'Bradyrhizobium sp. th.b2', 'Bradyrhizobium_sp._thb2', 'Bradyrhizobium sp. thb2', 'Lutibaculum_baratangense_AMV1', 'Lutibaculum baratangense AMV1', 'Lutibaculum_baratangense', 'Lutibaculum baratangense', 'Herbaspirillum_sp._CF444', 'Herbaspirillum sp. CF444', 'Herbaspirillum_sp._CF444', 'Herbaspirillum sp. CF444', 'Colwellia_piezophila_ATCC_BAA-637', 'Colwellia piezophila ATCC BAA-637', 'Colwellia_piezophila', 'Colwellia piezophila', 'Methylobacterium_sp._4-46', 'Methylobacterium sp. 4-46', 'Methylobacterium_sp._446', 'Methylobacterium sp. 446', 'Sphingobium_yanoikuyae', 'Sphingobium yanoikuyae', 'Sphingobium_yanoikuyae', 'Sphingobium yanoikuyae', 'Proteus_vulgaris', 'Proteus vulgaris', 'Proteus_vulgaris', 'Proteus vulgaris', 'Methylophaga_aminisulfidivorans_MP', 'Methylophaga aminisulfidivorans MP', 'Methylophaga_aminisulfidivorans', 'Methylophaga aminisulfidivorans', 'Methylobacterium_sp._10', 'Methylobacterium sp. 10', 'Methylobacterium_sp._10', 'Methylobacterium sp. 10', 'Bradyrhizobium_sp._URHA0002', 'Bradyrhizobium sp. URHA0002', 'Bradyrhizobium_sp._URHA0002', 'Bradyrhizobium sp. URHA0002', 'Mariprofundus_ferrooxydans_PV-1', 'Mariprofundus ferrooxydans PV-1', 'Mariprofundus_ferrooxydans', 'Mariprofundus ferrooxydans', 'Bradyrhizobium_sp._WSM1743', 'Bradyrhizobium sp. WSM1743', 'Bradyrhizobium_sp._WSM1743', 'Bradyrhizobium sp. WSM1743', 'Sphingopyxis_sp._MC1', 'Sphingopyxis sp. MC1', 'Sphingopyxis_sp._MC1', 'Sphingopyxis sp. MC1', 'Rhizobium_leguminosarum_bv._trifolii_CB782', 'Rhizobium leguminosarum bv. trifolii CB782', 'Rhizobium_leguminosarum_CB782', 'Rhizobium leguminosarum CB782', 'Halomonas_sp._TG39a', 'Halomonas sp. TG39a', 'Halomonas_sp._TG39a', 'Halomonas sp. TG39a', 'Pseudomonas_knackmussii_B13', 'Pseudomonas knackmussii B13', 'Pseudomonas_knackmussii', 'Pseudomonas knackmussii', 'Herbaspirillum_sp._YR522', 'Herbaspirillum sp. YR522', 'Herbaspirillum_sp._YR522', 'Herbaspirillum sp. YR522', 'Pseudomonas_stutzeri_RCH2', 'Pseudomonas stutzeri RCH2', 'Pseudomonas_stutzeri_RCH2', 'Pseudomonas stutzeri RCH2', 'Sphingomonas_taxi', 'Sphingomonas taxi', 'Sphingomonas_taxi', 'Sphingomonas taxi', 'Citromicrobium_sp._JLT1363', 'Citromicrobium sp. JLT1363', 'Citromicrobium_sp._JLT1363', 'Citromicrobium sp. JLT1363', 'Acinetobacter_sp._NCTC_7422', 'Acinetobacter sp. NCTC 7422', 'Acinetobacter_sp._NCTC_7422', 'Acinetobacter sp. NCTC 7422', 'Bordetella_bronchiseptica_RB50', 'Bordetella bronchiseptica RB50', 'Bordetella_bronchiseptica', 'Bordetella bronchiseptica', 'Enterobacter_sp._R4-368', 'Enterobacter sp. R4-368', 'Enterobacter_sp._R4368', 'Enterobacter sp. R4368', 'Francisella_sp._TX077308', 'Francisella sp. TX077308', 'Francisella_sp._TX077308', 'Francisella sp. TX077308', 'Sphingomonas_sp._PAMC_26617', 'Sphingomonas sp. PAMC 26617', 'Sphingomonas_sp._PAMC26617', 'Sphingomonas sp. PAMC26617', 'Acetobacter_malorum', 'Acetobacter malorum', 'Acetobacter_malorum', 'Acetobacter malorum', 'Francisella_noatunensis_subsp._orientalis_str._Toba_04', 'Francisella noatunensis subsp. orientalis str. Toba 04', 'Francisella_noatunensis', 'Francisella noatunensis', 'Mesorhizobium_loti_CJ3sym', 'Mesorhizobium loti CJ3sym', 'Mesorhizobium_loti_CJ3sym', 'Mesorhizobium loti CJ3sym', 'Bradyrhizobium_sp._OHSU_III', 'Bradyrhizobium sp. OHSU_III', 'Bradyrhizobium_sp._OHSUIII', 'Bradyrhizobium sp. OHSUIII', 'Chelativorans_sp._BNC1', 'Chelativorans sp. BNC1', 'Chelativorans_sp._BNC1', 'Chelativorans sp. BNC1', 'Sinorhizobium_arboris_LMG_14919', 'Sinorhizobium arboris LMG 14919', 'Sinorhizobium_arboris', 'Sinorhizobium arboris', 'Sphingobium_japonicum_UT26S', 'Sphingobium japonicum UT26S', 'Sphingobium_japonicum_UT26S', 'Sphingobium japonicum UT26S', 'Rhizobium_leguminosarum_bv._trifolii_WSM2304', 'Rhizobium leguminosarum bv. trifolii WSM2304', 'Rhizobium_leguminosarum_WSM2304', 'Rhizobium leguminosarum WSM2304', 'Methylocella_silvestris_BL2', 'Methylocella silvestris BL2', 'Methylocella_silvestris', 'Methylocella silvestris', 'Acidovorax_citrulli_AAC00-1', 'Acidovorax citrulli AAC00-1', 'Acidovorax_citrulli', 'Acidovorax citrulli', 'Rhodovulum_sp._PH10', 'Rhodovulum sp. PH10', 'Rhodovulum_sp._PH10', 'Rhodovulum sp. PH10', 'Herbaspirillum_sp._YR522', 'Herbaspirillum sp. YR522', 'Herbaspirillum_sp._YR522', 'Herbaspirillum sp. YR522', 'Candidatus_Hamiltonella_defensa_5AT_(Acyrthosiphon_pisum)', 'Candidatus Hamiltonella defensa 5AT (Acyrthosiphon pisum)', 'Hamiltonella_defensa', 'Hamiltonella defensa', 'Herminiimonas_arsenicoxydans', 'Herminiimonas arsenicoxydans', 'Herminiimonas_arsenicoxydans', 'Herminiimonas arsenicoxydans', 'Bibersteinia_trehalosi_USDA-ARS-USMARC-189', 'Bibersteinia trehalosi USDA-ARS-USMARC-189', 'Bibersteinia_trehalosi', 'Bibersteinia trehalosi', 'Achromobacter_insuavis_AXX-A', 'Achromobacter insuavis AXX-A', 'Achromobacter_insuavis', 'Achromobacter insuavis', 'Sorangium_cellulosum_So0157-2', 'Sorangium cellulosum So0157-2', 'Sorangium_cellulosum_So01572', 'Sorangium cellulosum So01572', 'Vibrio_caribbeanicus_ATCC_BAA-2122', 'Vibrio caribbeanicus ATCC BAA-2122', 'Vibrio_caribbeanicus', 'Vibrio caribbeanicus', 'Agrobacterium_fabrum_str._C58', 'Agrobacterium fabrum str. C58', 'Agrobacterium_fabrum', 'Agrobacterium fabrum', 'Klebsiella_pneumoniae', 'Klebsiella pneumoniae', 'Klebsiella_pneumoniae', 'Klebsiella pneumoniae', 'Sinorhizobium_meliloti_1021', 'Sinorhizobium meliloti 1021', 'Sinorhizobium_meliloti', 'Sinorhizobium meliloti', 'Serratia_sp._Ag1', 'Serratia sp. Ag1', 'Serratia_sp._Ag1', 'Serratia sp. Ag1', 'Sphingobium_lactosutens_DS20', 'Sphingobium lactosutens DS20', 'Sphingobium_lactosutens', 'Sphingobium lactosutens', 'Methylobacterium_nodulans_ORS_2060', 'Methylobacterium nodulans ORS 2060', 'Methylobacterium_nodulans', 'Methylobacterium nodulans', 'Sphingobium_lactosutens_DS20', 'Sphingobium lactosutens DS20', 'Sphingobium_lactosutens', 'Sphingobium lactosutens', 'Rhizobium_leguminosarum_bv._viciae_248', 'Rhizobium leguminosarum bv. viciae 248', 'Rhizobium_leguminosarum_248', 'Rhizobium leguminosarum 248', 'Pseudoxanthomonas_suwonensis_J43', 'Pseudoxanthomonas suwonensis J43', 'Pseudoxanthomonas_suwonensis_J43', 'Pseudoxanthomonas suwonensis J43', 'Ramlibacter_tataouinensis_TTB310', 'Ramlibacter tataouinensis TTB310', 'Ramlibacter_tataouinensis', 'Ramlibacter tataouinensis', 'Chelativorans_sp._J32', 'Chelativorans sp. J32', 'Chelativorans_sp._J32', 'Chelativorans sp. J32', 'Sphingomonas_sp._SKA58', 'Sphingomonas sp. SKA58', 'Sphingomonas_sp._SKA58', 'Sphingomonas sp. SKA58', 'Erythrobacter_sp._NAP1', 'Erythrobacter sp. NAP1', 'Erythrobacter_sp._NAP1', 'Erythrobacter sp. NAP1', 'Delftia_acidovorans_SPH-1', 'Delftia acidovorans SPH-1', 'Delftia_acidovorans', 'Delftia acidovorans', 'Citrobacter_sedlakii_NBRC_105722', 'Citrobacter sedlakii NBRC 105722', 'Citrobacter_sedlakii', 'Citrobacter sedlakii', 'Oxalobacter_formigenes_OXCC13', 'Oxalobacter formigenes OXCC13', 'Oxalobacter_formigenes_OXCC13', 'Oxalobacter formigenes OXCC13', 'Asticcacaulis_sp._AC466', 'Asticcacaulis sp. AC466', 'Asticcacaulis_sp._AC466', 'Asticcacaulis sp. AC466', 'Variovorax_paradoxus_110B', 'Variovorax paradoxus 110B', 'Variovorax_paradoxus_110B', 'Variovorax paradoxus 110B', 'Pseudovibrio_sp._FO-BEG1', 'Pseudovibrio sp. FO-BEG1', 'Pseudovibrio_sp._FOBEG1', 'Pseudovibrio sp. FOBEG1', 'Fulvimarina_pelagi_HTCC2506', 'Fulvimarina pelagi HTCC2506', 'Fulvimarina_pelagi', 'Fulvimarina pelagi', 'Sphingomonas_sp._KC8', 'Sphingomonas sp. KC8', 'Sphingomonas_sp._KC8', 'Sphingomonas sp. KC8', 'Burkholderiales_bacterium_JOSHI_001', 'Burkholderiales bacterium JOSHI_001', 'Burkholderiales_bacterium_JOSHI001', 'Burkholderiales bacterium JOSHI001', 'Rhizobium_sp._CF097', 'Rhizobium sp. CF097', 'Rhizobium_sp._CF097', 'Rhizobium sp. CF097', 'Bradyrhizobium_japonicum_USDA_6', 'Bradyrhizobium japonicum USDA 6', 'Bradyrhizobium_japonicum_USDA6', 'Bradyrhizobium japonicum USDA6', 'Pantoea_stewartii', 'Pantoea stewartii', 'Pantoea_stewartii', 'Pantoea stewartii', 'Desulfobacula_sp._TS', 'Desulfobacula sp. TS', 'Desulfobacula_sp._TS', 'Desulfobacula sp. TS', 'Sphingobium_xenophagum_QYY', 'Sphingobium xenophagum QYY', 'Sphingobium_xenophagum', 'Sphingobium xenophagum', 'Sphingomonas_sp._SKA58', 'Sphingomonas sp. SKA58', 'Sphingomonas_sp._SKA58', 'Sphingomonas sp. SKA58', 'Alishewanella_jeotgali_KCTC_22429', 'Alishewanella jeotgali KCTC 22429', 'Alishewanella_jeotgali', 'Alishewanella jeotgali', 'Pseudomonas_lutea', 'Pseudomonas lutea', 'Pseudomonas_lutea', 'Pseudomonas lutea', 'Ahrensia_sp._R2A130', 'Ahrensia sp. R2A130', 'Ahrensia_sp._R2A130', 'Ahrensia sp. R2A130', 'Bradyrhizobium_diazoefficiens_USDA_110', 'Bradyrhizobium diazoefficiens USDA 110', 'Bradyrhizobium_diazoefficiens', 'Bradyrhizobium diazoefficiens', 'Acidovorax_citrulli_AAC00-1', 'Acidovorax citrulli AAC00-1', 'Acidovorax_citrulli', 'Acidovorax citrulli', 'Serratia_sp._H1n', 'Serratia sp. H1n', 'Serratia_sp._H1n', 'Serratia sp. H1n', 'Caulobacter_sp._K31', 'Caulobacter sp. K31', 'Caulobacter_sp._K31', 'Caulobacter sp. K31', 'Rhodopseudomonas_palustris_BisB18', 'Rhodopseudomonas palustris BisB18', 'Rhodopseudomonas_palustris_BisB18', 'Rhodopseudomonas palustris BisB18', 'Oxalobacter_formigenes_HOxBLS', 'Oxalobacter formigenes HOxBLS', 'Oxalobacter_formigenes_HOxBLS', 'Oxalobacter formigenes HOxBLS', 'Xanthomonas_arboricola_pv._celebensis', 'Xanthomonas arboricola pv. celebensis', 'Xanthomonas_arboricola', 'Xanthomonas arboricola', 'Sphingobium_sp._C100', 'Sphingobium sp. C100', 'Sphingobium_sp._C100', 'Sphingobium sp. C100', 'Sphingobium_xenophagum_QYY', 'Sphingobium xenophagum QYY', 'Sphingobium_xenophagum', 'Sphingobium xenophagum', 'Pseudoxanthomonas_sp._GW2', 'Pseudoxanthomonas sp. GW2', 'Pseudoxanthomonas_sp._GW2', 'Pseudoxanthomonas sp. GW2', 'Rhodopseudomonas_palustris_CGA009', 'Rhodopseudomonas palustris CGA009', 'Rhodopseudomonas_palustris_CGA009', 'Rhodopseudomonas palustris CGA009', 'Burkholderia_sp._CCGE1003', 'Burkholderia sp. CCGE1003', 'Burkholderia_sp._CCGE1003', 'Burkholderia sp. CCGE1003', 'Sphingomonas_sp._RIT328', 'Sphingomonas sp. RIT328', 'Sphingomonas_sp._RIT328', 'Sphingomonas sp. RIT328', 'Porphyrobacter_sp._AAP82', 'Porphyrobacter sp. AAP82', 'Porphyrobacter_sp._AAP82', 'Porphyrobacter sp. AAP82', 'Mariprofundus_ferrooxydans_PV-1', 'Mariprofundus ferrooxydans PV-1', 'Mariprofundus_ferrooxydans', 'Mariprofundus ferrooxydans', 'Agrobacterium_sp._H13-3', 'Agrobacterium sp. H13-3', 'Agrobacterium_sp._H133', 'Agrobacterium sp. H133', 'Rhodanobacter_thiooxydans_LCS2', 'Rhodanobacter thiooxydans LCS2', 'Rhodanobacter_thiooxydans', 'Rhodanobacter thiooxydans', 'Sinorhizobium_meliloti_1021', 'Sinorhizobium meliloti 1021', 'Sinorhizobium_meliloti', 'Sinorhizobium meliloti', 'Photobacterium_leiognathi_lrivu.4.1', 'Photobacterium leiognathi lrivu.4.1', 'Photobacterium_leiognathi_lrivu41', 'Photobacterium leiognathi lrivu41', 'Yersinia_enterocolitica_subsp._enterocolitica_8081', 'Yersinia enterocolitica subsp. enterocolitica 8081', 'Yersinia_enterocolitica_8081', 'Yersinia enterocolitica 8081', 'Burkholderia_sp._K24', 'Burkholderia sp. K24', 'Burkholderia_sp._K24', 'Burkholderia sp. K24', 'Bradyrhizobium_sp._WSM3983', 'Bradyrhizobium sp. WSM3983', 'Bradyrhizobium_sp._WSM3983', 'Bradyrhizobium sp. WSM3983', 'Bradyrhizobium_sp._ARR65', 'Bradyrhizobium sp. ARR65', 'Bradyrhizobium_sp._ARR65', 'Bradyrhizobium sp. ARR65', 'Burkholderia_oklahomensis', 'Burkholderia oklahomensis', 'Burkholderia_oklahomensis', 'Burkholderia oklahomensis', 'Citrobacter_amalonaticus', 'Citrobacter amalonaticus', 'Citrobacter_amalonaticus', 'Citrobacter amalonaticus', 'Sphingomonas_sp._UNC305MFCol5.2', 'Sphingomonas sp. UNC305MFCol5.2', 'Sphingomonas_sp._UNC305MFCol52', 'Sphingomonas sp. UNC305MFCol52', 'Marinobacter_nanhaiticus_D15-8W', 'Marinobacter nanhaiticus D15-8W', 'Marinobacter_nanhaiticus', 'Marinobacter nanhaiticus', 'Sphingobium_sp._AP49', 'Sphingobium sp. AP49', 'Sphingobium_sp._AP49', 'Sphingobium sp. AP49', 'Rhizobium_sp._CF080', 'Rhizobium sp. CF080', 'Rhizobium_sp._CF080', 'Rhizobium sp. CF080', 'Erythrobacter_litoralis_HTCC2594', 'Erythrobacter litoralis HTCC2594', 'Erythrobacter_litoralis', 'Erythrobacter litoralis', 'Agrobacterium_albertimagni_AOL15', 'Agrobacterium albertimagni AOL15', 'Agrobacterium_albertimagni', 'Agrobacterium albertimagni', 'Sphingomonas_sp._S17', 'Sphingomonas sp. S17', 'Sphingomonas_sp._S17', 'Sphingomonas sp. S17', 'Erythrobacter_litoralis_HTCC2594', 'Erythrobacter litoralis HTCC2594', 'Erythrobacter_litoralis', 'Erythrobacter litoralis', 'Sphingobium_chlorophenolicum', 'Sphingobium chlorophenolicum', 'Sphingobium_chlorophenolicum', 'Sphingobium chlorophenolicum', 'Thalassotalea_sp._ND16A', 'Thalassotalea sp. ND16A', 'Thalassotalea_sp._ND16A', 'Thalassotalea sp. ND16A', 'Roseivivax_isoporae_LMG_25204', 'Roseivivax isoporae LMG 25204', 'Roseivivax_isoporae', 'Roseivivax isoporae', 'Comamonas_testosteroni_CNB-2', 'Comamonas testosteroni CNB-2', 'Comamonas_testosteroni_CNB2', 'Comamonas testosteroni CNB2', 'Vibrio_kanaloae_5S-149', 'Vibrio kanaloae 5S-149', 'Vibrio_kanaloae', 'Vibrio kanaloae', 'Pseudovibrio_sp._FO-BEG1', 'Pseudovibrio sp. FO-BEG1', 'Pseudovibrio_sp._FOBEG1', 'Pseudovibrio sp. FOBEG1', 'Stenotrophomonas_maltophilia_R551-3', 'Stenotrophomonas maltophilia R551-3', 'Stenotrophomonas_maltophilia_R5513', 'Stenotrophomonas maltophilia R5513', 'Desulfovibrio_sp._X2', 'Desulfovibrio sp. X2', 'Desulfovibrio_sp._X2', 'Desulfovibrio sp. X2', 'Agrobacterium_tumefaciens_CCNWGS0286', 'Agrobacterium tumefaciens CCNWGS0286', 'Agrobacterium_tumefaciens_CCNWGS0286', 'Agrobacterium tumefaciens CCNWGS0286', 'Porphyrobacter_sp._AAP82', 'Porphyrobacter sp. AAP82', 'Porphyrobacter_sp._AAP82', 'Porphyrobacter sp. AAP82', 'Halomonas_salina', 'Halomonas salina', 'Halomonas_salina', 'Halomonas salina', 'Asticcacaulis_excentricus_CB_48', 'Asticcacaulis excentricus CB 48', 'Asticcacaulis_excentricus', 'Asticcacaulis excentricus', 'Alcaligenes_faecalis', 'Alcaligenes faecalis', 'Alcaligenes_faecalis', 'Alcaligenes faecalis', 'Rhizobium_sp._CCGE_510', 'Rhizobium sp. CCGE 510', 'Rhizobium_sp._CCGE510', 'Rhizobium sp. CCGE510', 'Phenylobacterium_zucineum_HLK1', 'Phenylobacterium zucineum HLK1', 'Phenylobacterium_zucineum', 'Phenylobacterium zucineum', 'Burkholderia_sp._WSM2230', 'Burkholderia sp. WSM2230', 'Burkholderia_sp._WSM2230', 'Burkholderia sp. WSM2230', 'Bradyrhizobium_sp._WSM1253', 'Bradyrhizobium sp. WSM1253', 'Bradyrhizobium_sp._WSM1253', 'Bradyrhizobium sp. WSM1253', 'Sphingomonas_phyllosphaerae_FA2', 'Sphingomonas phyllosphaerae FA2', 'Sphingomonas_phyllosphaerae_FA2', 'Sphingomonas phyllosphaerae FA2', 'Oceanicola_sp._HL-35', 'Oceanicola sp. HL-35', 'Oceanicola_sp._HL35', 'Oceanicola sp. HL35', 'Novosphingobium_sp._PP1Y', 'Novosphingobium sp. PP1Y', 'Novosphingobium_sp._PP1Y', 'Novosphingobium sp. PP1Y', 'Shinella_sp._DD12', 'Shinella sp. DD12', 'Shinella_sp._DD12', 'Shinella sp. DD12', 'Halomonas_sp._GFAJ-1', 'Halomonas sp. GFAJ-1', 'Halomonas_sp._GFAJ1', 'Halomonas sp. GFAJ1', 'Sphingomonas_sp._PAMC_26617', 'Sphingomonas sp. PAMC 26617', 'Sphingomonas_sp._PAMC26617', 'Sphingomonas sp. PAMC26617', 'Pantoea_sp._PSNIH1', 'Pantoea sp. PSNIH1', 'Pantoea_sp._PSNIH1', 'Pantoea sp. PSNIH1', 'Rhizobium_giardinii_bv._giardinii_H152', 'Rhizobium giardinii bv. giardinii H152', 'Rhizobium_giardinii', 'Rhizobium giardinii', 'Xenorhabdus_bovienii_SS-2004', 'Xenorhabdus bovienii SS-2004', 'Xenorhabdus_bovienii', 'Xenorhabdus bovienii', 'Rhizobium_sp._CCGE_510', 'Rhizobium sp. CCGE 510', 'Rhizobium_sp._CCGE510', 'Rhizobium sp. CCGE510', 'Marinobacter_lipolyticus_SM19', 'Marinobacter lipolyticus SM19', 'Marinobacter_lipolyticus_SM19', 'Marinobacter lipolyticus SM19', 'Herbaspirillum_frisingense_GSF30', 'Herbaspirillum frisingense GSF30', 'Herbaspirillum_frisingense', 'Herbaspirillum frisingense', 'Rheinheimera_sp._A13L', 'Rheinheimera sp. A13L', 'Rheinheimera_sp._A13L', 'Rheinheimera sp. A13L', 'Reyranella_massiliensis_521', 'Reyranella massiliensis 521', 'Reyranella_massiliensis', 'Reyranella massiliensis', 'Sphingomonas_sp._UNC305MFCol5.2', 'Sphingomonas sp. UNC305MFCol5.2', 'Sphingomonas_sp._UNC305MFCol52', 'Sphingomonas sp. UNC305MFCol52', 'Hyphomicrobium_sp._MC1', 'Hyphomicrobium sp. MC1', 'Hyphomicrobium_sp._MC1', 'Hyphomicrobium sp. MC1', 'Desulfobacula_sp._TS', 'Desulfobacula sp. TS', 'Desulfobacula_sp._TS', 'Desulfobacula sp. TS', 'Marinobacter_algicola_DG893', 'Marinobacter algicola DG893', 'Marinobacter_algicola', 'Marinobacter algicola', 'Sinorhizobium_medicae_WSM419', 'Sinorhizobium medicae WSM419', 'Sinorhizobium_medicae', 'Sinorhizobium medicae', 'Actinobacillus_minor_NM305', 'Actinobacillus minor NM305', 'Actinobacillus_minor_NM305', 'Actinobacillus minor NM305', 'Rhodanobacter_spathiphylli_B39', 'Rhodanobacter spathiphylli B39', 'Rhodanobacter_spathiphylli', 'Rhodanobacter spathiphylli', 'Sphingobium_sp._ba1', 'Sphingobium sp. ba1', 'Sphingobium_sp._ba1', 'Sphingobium sp. ba1', 'Sphingobium_herbicidovorans_NBRC_16415', 'Sphingobium herbicidovorans NBRC 16415', 'Sphingobium_herbicidovorans', 'Sphingobium herbicidovorans', 'Aliivibrio_salmonicida_LFI1238', 'Aliivibrio salmonicida LFI1238', 'Aliivibrio_salmonicida', 'Aliivibrio salmonicida', 'Paracoccus_sp._PAMC_22219', 'Paracoccus sp. PAMC 22219', 'Paracoccus_sp._PAMC22219', 'Paracoccus sp. PAMC22219', 'Sphingopyxis_sp._LC363', 'Sphingopyxis sp. LC363', 'Sphingopyxis_sp._LC363', 'Sphingopyxis sp. LC363', 'Roseovarius_sp._TM1035', 'Roseovarius sp. TM1035', 'Roseovarius_sp._TM1035', 'Roseovarius sp. TM1035', 'Legionella_drancourtii_LLAP12', 'Legionella drancourtii LLAP12', 'Legionella_drancourtii', 'Legionella drancourtii', 'Bradyrhizobium_sp._Cp5.3', 'Bradyrhizobium sp. Cp5.3', 'Bradyrhizobium_sp._Cp53', 'Bradyrhizobium sp. Cp53', 'Sphingobium_sp._AP49', 'Sphingobium sp. AP49', 'Sphingobium_sp._AP49', 'Sphingobium sp. AP49', 'Acinetobacter_beijerinckii_CIP_110307', 'Acinetobacter beijerinckii CIP 110307', 'Acinetobacter_beijerinckii', 'Acinetobacter beijerinckii', 'Sphingobium_herbicidovorans_NBRC_16415', 'Sphingobium herbicidovorans NBRC 16415', 'Sphingobium_herbicidovorans', 'Sphingobium herbicidovorans', 'Xanthobacter_sp._126', 'Xanthobacter sp. 126', 'Xanthobacter_sp._126', 'Xanthobacter sp. 126', 'Erwinia_typographi', 'Erwinia typographi', 'Erwinia_typographi', 'Erwinia typographi']